IRI_KEY,OU,EST_ACV,Open,Clsd,MskdName,Market_Name
200039,GR,9.709999,539,1219,Chain87,BUFFALO
200171,GR,27.69099,522,9998,Chain97,MILWAUKEE
200197,GR,11.14,903,9998,Chain59,PEORIA
200233,GR,7.514999,1122,1150,Chain102,OKLAHOMA CITY
200272,GR,13.173,873,9998,Chain124,LOS ANGELES
200287,GR,7.481998,795,9998,Chain94,SAN FRANCISCO
200297,GR,23.159,999,9998,Chain79,PORTLAND
200334,GR,19.21899,922,1329,Chain137,PORTLAND
200411,GR,18.94199,1014,9998,Chain66,NEW YORK
200439,GR,14.098,920,9998,Chain110,WEST TEX
200479,GR,18.545,559,1362,Chain7,SAN FRANCISCO
200485,GR,5.781998,490,9998,Chain102,OKLAHOMA CITY
200488,GR,26.06699,519,1325,Chain107,BOSTON
200489,GR,16.02299,701,9998,Chain34,HOUSTON
200492,GR,11.876,473,9998,Chain124,LOS ANGELES
200494,GR,20.028,486,1435,Chain115,GREEN BAY
200499,GR,9.598999,490,9998,Chain102,OKLAHOMA CITY
200501,GR,29.267,554,9998,Chain7,SAN FRANCISCO
200510,GR,31.10899,473,1210,Chain114,HARTFORD
200511,GR,19.21899,456,1145,Chain39,WEST TEX
200531,GR,5.613998,490,1264,Chain102,OKLAHOMA CITY
200539,GR,9.998993,605,9998,Chain16,CHARLOTTE
200541,GR,19.21899,456,1145,Chain39,WEST TEX
200542,GR,21.09099,486,9998,Chain115,GREEN BAY
200545,GR,7.514999,490,1118,Chain102,OKLAHOMA CITY
200553,GR,31.92599,473,9998,Chain124,LOS ANGELES
200563,GR,20.711,496,1150,Chain5,SAN DIEGO
200564,GR,19.21899,584,1243,NONE,EAU CLAIRE
200566,GR,8.517998,490,9998,Chain102,TULSA
200569,GR,14.921,519,1238,Chain42,MILWAUKEE
200578,GR,37.47998,496,1401,Chain50,NEW ENGLAND
200587,GR,9.256996,496,1208,Chain5,SAN DIEGO
200606,GR,7.514999,490,1169,Chain102,TULSA
200610,GR,25.627,758,9998,Chain97,MILWAUKEE
200620,GR,7.514999,490,1169,Chain102,TULSA
200623,GR,12,610,9998,Chain10,NEW ORLEANS
200626,GR,14.921,499,1222,Chain42,MILWAUKEE
200630,GR,19.21899,566,1134,Chain39,WEST TEX
200633,GR,35.69598,480,9998,Chain107,BOSTON
200635,GR,15.921,514,9998,Chain110,SALT LAKE CITY
200642,GR,18.545,546,1271,Chain7,SAN FRANCISCO
200655,GR,17.16899,473,9998,Chain124,LOS ANGELES
202312,GR,8.064995,932,9998,Chain81,OMAHA
202530,GR,19.21899,494,1188,Chain131,CHARLOTTE
202785,GR,8.801994,608,9998,Chain35,RICHMOND
202790,GR,18.937,444,1411,Chain70,KNOXVILLE
202798,GR,11.28,518,1187,Chain16,SOUTH CAROLINA
203010,GR,9.267998,485,9998,Chain35,RICHMOND
203018,GR,19.547,983,1199,Chain24,DALLAS
203204,GR,10.48299,873,9998,Chain124,LOS ANGELES
203231,GR,17.13799,435,1363,Chain10,NEW YORK
203563,GR,8.179993,565,9998,Chain35,ROANOKE
203611,GR,6.135998,1142,1163,Chain116,ROANOKE
203614,GR,8.960999,810,1299,Chain9,NEW YORK
203985,GR,6.563999,863,1213,Chain35,ROANOKE
204033,GR,23.02699,439,1298,Chain44,WASHINGTON
204202,GR,27.939,517,1315,Chain85,SYRACUSE
204292,GR,14.932,879,9998,Chain54,ROANOKE
204307,GR,11.493,818,9998,Chain35,SOUTH CAROLINA
204345,GR,27.49699,806,1220,Chain50,SYRACUSE
204346,GR,9.709999,497,1183,Chain87,SYRACUSE
204353,GR,15.826,895,9998,Chain52,RALEIGH
204354,GR,17.28899,678,9998,Chain9,PHILADELPHIA
204359,GR,31.10899,1119,1119,Chain114,NEW YORK
204470,GR,19.21899,435,1117,Chain45,NEW YORK
204483,GR,8.473,435,1299,Chain87,HARRISBURG
204594,GR,30.756,1018,9998,Chain10,NEW YORK
204828,GR,5.685997,1062,9998,Chain35,RICHMOND
204901,GR,19.21899,566,1131,Chain45,NEW ENGLAND
204946,GR,17.13799,639,1200,Chain10,BOSTON
205066,GR,36.60397,795,9998,Chain50,BOSTON
205230,GR,27.93599,709,9998,Chain41,PHILADELPHIA
205272,GR,7.011997,997,9998,Chain127,NEW ORLEANS
205282,GR,22.98999,1142,9998,Chain119,SPOKANE
205395,GR,11.98199,700,9998,Chain4,SPOKANE
205709,GR,11.28,459,1204,Chain16,CHARLOTTE
205926,GR,10.28699,819,1221,Chain35,ROANOKE
205969,GR,16.006,958,9998,Chain54,ATLANTA
206384,GR,19.21899,435,1294,Chain131,RALEIGH
206401,GR,29.35799,996,9998,Chain9,PHILADELPHIA
206587,GR,41.44098,795,9998,Chain30,NEW ENGLAND
206607,GR,11.688,435,9998,Chain9,PHILADELPHIA
207053,GR,6.135998,1146,1361,Chain116,ROANOKE
207291,GR,5.290997,860,9998,Chain35,ROANOKE
207595,GR,11.702,471,1293,Chain35,CHARLOTTE
207840,GR,19.21899,842,1207,Chain131,ROANOKE
208217,GR,10.28699,908,1429,Chain35,SOUTH CAROLINA
208519,GR,2.949999,1161,1168,Chain51,KNOXVILLE
208759,GR,6.452999,494,9998,Chain35,KNOXVILLE
208769,GR,15.438,986,9998,Chain35,ROANOKE
208980,GR,21.61099,435,9998,Chain125,NEW ORLEANS
209039,GR,26.769,958,1159,Chain117,SACRAMENTO
209077,GR,19.21899,984,1355,Chain131,CHARLOTTE
209126,GR,7.804996,891,9998,Chain35,CHARLOTTE
209225,GR,4.967999,871,1217,Chain14,WEST TEX
209888,GR,19.21899,877,1114,Chain74,MISSISSIPPI
209957,GR,11.981,795,1394,Chain60,MISSISSIPPI
209994,GR,16.85699,1128,9998,Chain54,SOUTH CAROLINA
210189,GR,14.87299,435,1206,Chain125,NEW ORLEANS
210202,GR,19.21899,842,1324,Chain131,ROANOKE
210580,GR,19.515,1033,9998,Chain10,NEW YORK
210582,GR,19.21899,837,1355,Chain131,CHARLOTTE
210815,GR,18.81799,890,9998,Chain89,NEW YORK
210830,GR,22.849,486,9998,Chain87,SYRACUSE
210868,GR,23.07399,1150,9998,Chain12,HARRISBURG
210913,GR,10.28699,692,1382,Chain35,CHARLOTTE
211230,GR,33.23398,435,1233,Chain107,NEW ENGLAND
211301,GR,18.42899,1001,9998,Chain50,NEW ENGLAND
211327,GR,19.21899,435,1129,Chain45,NEW YORK
211395,GR,45.36099,842,1193,Chain134,NEW YORK
211912,GR,9.709999,833,1271,Chain87,HARRISBURG
211926,GR,10.73599,817,9998,Chain60,MISSISSIPPI
212482,GR,18.51299,1139,9998,Chain70,KNOXVILLE
212957,GR,22.71999,842,9998,Chain70,ROANOKE
213109,GR,9.223,1123,1298,Chain126,ATLANTA
213133,GR,24.28899,589,9998,Chain10,PHILADELPHIA
213235,GR,8.211998,1129,9998,Chain135,SOUTH CAROLINA
213290,GR,45.37698,435,9998,Chain114,PITTSFIELD
213511,GR,17.13799,1038,1130,Chain10,PHILADELPHIA
213975,GR,9.709999,843,1271,Chain87,SYRACUSE
214045,GR,7.994999,882,9998,Chain119,SPOKANE
214051,GR,15.17699,727,1269,Chain4,SPOKANE
214066,GR,19.78499,435,1117,Chain119,SPOKANE
214088,GR,11.784,842,9998,Chain119,SPOKANE
214274,GR,19.21899,946,1342,Chain131,RALEIGH
214465,GR,18.086,1107,9998,Chain85,SYRACUSE
214468,GR,17.118,700,1145,Chain4,SPOKANE
214636,GR,39.32199,1118,1230,Chain85,NEW ENGLAND
214705,GR,14.921,1121,1274,Chain42,MILWAUKEE
214709,GR,37.81097,567,9998,Chain97,MILWAUKEE
214734,GR,19.99199,709,9998,Chain16,SOUTH CAROLINA
214844,GR,24.05699,622,9998,Chain44,WASHINGTON
214926,GR,28.40799,435,9998,Chain107,NEW ENGLAND
214932,GR,27.83499,435,1219,Chain114,PROVIDENCE
215371,GR,21.74599,809,1175,Chain9,NEW YORK
215433,GR,21.74599,605,1313,Chain9,NEW YORK
216202,GR,16.931,618,9998,Chain110,WEST TEX
216210,GR,8.034996,1129,9998,Chain135,SOUTH CAROLINA
216972,GR,23.07399,1076,1202,Chain12,HARRISBURG
217434,GR,43.35098,990,1220,Chain50,NEW ENGLAND
217460,GR,18.756,727,9998,Chain55,CHICAGO
217523,GR,23.07399,1076,1221,Chain12,PHILADELPHIA
217529,GR,13.239,1119,9998,Chain133,HARRISBURG
217595,GR,38.66599,842,1286,Chain15,BOSTON
217781,GR,6.716999,904,9998,Chain16,SOUTH CAROLINA
217804,GR,40.09698,895,9998,Chain40,HARRISBURG
218003,GR,6.792,1038,9998,Chain10,PHILADELPHIA
218026,GR,19.21899,566,1126,Chain45,NEW ENGLAND
218116,GR,3.449999,519,9998,Chain35,SOUTH CAROLINA
218312,GR,16.784,842,9998,Chain107,NEW ENGLAND
218548,GR,10.12,526,9998,Chain62,ROANOKE
218564,GR,6.135998,584,1114,Chain116,HARTFORD
218589,GR,17.13799,1014,1170,Chain10,NEW YORK
218592,GR,17.13799,795,1186,Chain10,NEW ENGLAND
218806,GR,24.24699,833,1203,Chain105,ST. LOUIS
219209,GR,42.29498,1031,9998,Chain134,NEW YORK
219231,GR,30.23299,539,9998,Chain134,NEW YORK
219367,GR,19.21899,1112,1259,Chain71,CHICAGO
219387,GR,19.21899,795,1123,Chain45,NEW ENGLAND
219536,GR,31.53699,926,1191,Chain15,HARTFORD
219541,GR,4.377998,888,9998,Chain35,ROANOKE
219596,GR,15.32899,795,1269,Chain9,WASHINGTON
219646,GR,18.81898,842,9998,Chain65,NEW YORK
219696,GR,9.709999,519,1272,Chain87,SYRACUSE
219777,GR,25.883,842,9998,Chain107,NEW ENGLAND
219796,GR,17.08299,1119,9998,Chain10,PHILADELPHIA
219851,GR,13.24799,1023,9998,Chain10,PHILADELPHIA
219926,GR,26.98099,435,9998,Chain107,BOSTON
219946,GR,19.21899,1001,1120,Chain45,NEW YORK
219953,GR,5.997997,1085,1399,Chain35,ROANOKE
220146,GR,19.21899,795,1122,Chain45,NEW ENGLAND
220159,GR,65.85895,807,9998,Chain134,PHILADELPHIA
220476,GR,10.04099,1107,9998,Chain85,NEW ENGLAND
220585,GR,27.939,714,1366,Chain85,SYRACUSE
220612,GR,6.601997,761,9998,Chain35,RALEIGH
220628,GR,45.36099,842,1209,Chain134,NEW YORK
220649,GR,16.05299,659,9998,Chain10,HARTFORD
220679,GR,49.11798,842,9998,Chain134,NEW YORK
220689,GR,9.609993,810,9998,Chain9,NEW YORK
220690,GR,37.02298,517,9998,Chain85,SYRACUSE
220706,GR,21.963,435,1425,Chain134,NEW YORK
221501,GR,12.09399,586,1261,Chain20,MISSISSIPPI
221658,GR,9.840996,795,9998,Chain35,RICHMOND
221762,GR,8.993996,624,9998,Chain91,SOUTH CAROLINA
222077,GR,60.96198,537,9998,Chain134,NEW YORK
222290,GR,14.16599,947,9998,Chain35,RICHMOND
222320,GR,20.06898,561,9998,Chain9,PHILADELPHIA
222576,GR,32.01498,435,1221,Chain107,BOSTON
222577,GR,22.862,795,9998,Chain30,NEW ENGLAND
222749,GR,10.28699,517,1366,Chain35,SOUTH CAROLINA
222781,GR,12.69399,670,1355,Chain127,BIRMINGHAM
222797,GR,42.45099,540,1204,Chain134,HARRISBURG
222824,GR,21.74599,983,1117,Chain9,HARRISBURG
222860,GR,13.02299,843,9998,Chain87,SYRACUSE
222968,GR,23.10999,851,9998,Chain70,KNOXVILLE
222995,GR,19.21899,981,1329,Chain131,SOUTH CAROLINA
222998,GR,13.975,562,1214,Chain62,ROANOKE
223084,GR,46.73898,540,9998,Chain134,NEW YORK
223199,GR,9.094994,806,9998,Chain50,NEW ENGLAND
223251,GR,8.561996,1031,1236,Chain36,RICHMOND
223293,GR,19.21899,1142,1353,Chain131,CHARLOTTE
223294,GR,17.062,566,9998,Chain35,ROANOKE
223413,GR,17.13799,795,1207,Chain10,HARTFORD
223450,GR,23.355,1053,9998,Chain125,NEW ORLEANS
223492,GR,44.10898,461,1129,Chain69,ATLANTA
223601,GR,13.239,1003,1216,Chain127,BIRMINGHAM
223660,GR,5.389,1123,9998,Chain3,SEATTLE
223676,GR,19.21899,1139,1231,Chain106,TOLEDO
223713,GR,19.21899,435,1132,Chain45,NEW YORK
223759,GR,36.922,570,9998,Chain40,HARRISBURG
223773,GR,15.659,444,9998,Chain70,ROANOKE
223807,GR,28.21799,654,9998,Chain10,NEW YORK
223972,GR,19.78499,842,1420,Chain119,SPOKANE
223982,GR,19.78499,435,1158,Chain119,SPOKANE
224014,GR,23.07399,1148,1266,Chain12,HARRISBURG
224164,GR,17.01199,435,9998,Chain40,HARRISBURG
224281,GR,19.21899,435,1324,Chain131,ROANOKE
224312,GR,15.727,504,9998,Chain61,KNOXVILLE
224392,GR,20.93199,898,9998,Chain114,NEW YORK
224396,GR,15.629,1119,1410,Chain133,HARRISBURG
224457,GR,44.84399,435,9998,Chain117,SAN FRANCISCO
224496,GR,11.893,682,9998,Chain122,BUFFALO
225023,GR,54.95099,692,9998,Chain75,GRAND RAPIDS
225293,GR,23.07399,1076,1198,Chain12,HARRISBURG
225332,GR,19.21899,754,1126,Chain45,NEW ENGLAND
225411,GR,11.293,439,9998,Chain44,WASHINGTON
225677,GR,23.73,918,9998,Chain97,MILWAUKEE
225736,GR,39.50299,784,1271,Chain7,SAN FRANCISCO
225757,GR,35.89398,1010,9998,Chain50,NEW ENGLAND
225963,GR,46.85898,806,9998,Chain115,MINNEAPOLIS
225999,GR,15.377,873,9998,Chain124,LOS ANGELES
226079,GR,18.008,662,9998,Chain122,BUFFALO
226158,GR,14.239,1031,9998,Chain123,RICHMOND
226160,GR,11.549,514,9998,Chain124,LOS ANGELES
226164,GR,5.203999,951,1114,Chain3,SEATTLE
226231,GR,31.10899,926,1234,Chain114,HARTFORD
226501,GR,29.28799,1092,9998,Chain113,LOS ANGELES
226568,GR,13.226,1030,9998,Chain52,CHARLOTTE
226597,GR,24.778,439,9998,Chain44,WASHINGTON
226638,GR,19.21899,435,1123,Chain45,NEW YORK
226665,GR,27.96799,909,9998,Chain63,HOUSTON
226686,GR,50.23798,761,9998,Chain134,PHILADELPHIA
226740,GR,18.756,1119,1276,Chain55,CHICAGO
226816,GR,19.21899,926,1138,Chain45,NEW ENGLAND
226839,GR,11.812,1054,9998,Chain10,NEW ORLEANS
226898,GR,19.21899,584,1243,Chain106,TOLEDO
227099,GR,28.153,1093,9998,Chain113,LOS ANGELES
227169,GR,17.797,1075,9998,Chain4,WEST TEX
227359,GR,10.1,897,9998,Chain64,DALLAS
227584,GR,23.49899,439,1203,Chain52,RALEIGH
227587,GR,38.95599,1144,9998,Chain94,SAN DIEGO
227598,GR,28.978,552,9998,Chain97,MINNEAPOLIS
227653,GR,14.87299,1072,1355,Chain125,MISSISSIPPI
227670,GR,11.884,496,9998,Chain35,RALEIGH
227725,GR,17.838,1092,9998,Chain113,LOS ANGELES
227754,GR,17.13799,732,1210,Chain10,DETROIT
227757,GR,16.79099,435,1258,Chain120,PORTLAND
227758,GR,13.10999,711,1423,Chain114,BOSTON
228037,GR,10.161,435,9998,NONE,EAU CLAIRE
228078,GR,19.26399,842,9998,Chain70,KNOXVILLE
228080,GR,41.26999,733,1205,Chain49,HOUSTON
228137,GR,13.966,435,9998,Chain101,WASHINGTON
228167,GR,15.696,1092,9998,Chain113,LOS ANGELES
228194,GR,24.27899,487,9998,Chain98,SACRAMENTO
228282,GR,9.051994,761,9998,Chain127,BIRMINGHAM
228406,GR,19.78499,518,1175,Chain119,SEATTLE
228444,GR,23.06,1092,9998,Chain113,LOS ANGELES
228694,GR,26.09499,471,9998,Chain94,LOS ANGELES
228768,GR,12.09399,435,1293,Chain20,BIRMINGHAM
228771,GR,14.921,738,9998,Chain42,MILWAUKEE
228847,GR,19.78499,518,1159,Chain119,SEATTLE
228974,GR,12.113,795,9998,Chain76,DALLAS
229004,GR,24.66899,594,1202,Chain10,HARTFORD
229030,GR,6.519997,1123,9998,Chain3,SEATTLE
229057,GR,14.46999,435,1339,Chain62,ROANOKE
229089,GR,20.02699,1019,9998,Chain10,NEW YORK
229217,GR,29.51299,435,9998,Chain107,BOSTON
229339,GR,9.571999,908,9998,Chain35,RICHMOND
229495,GR,21.34599,720,1198,Chain124,LOS ANGELES
229547,GR,18.94299,1092,9998,Chain113,LOS ANGELES
229757,GR,17.239,797,9998,Chain94,LOS ANGELES
229798,GR,22.81,795,9998,Chain94,SAN FRANCISCO
229818,GR,40.862,788,9998,Chain57,TOLEDO
229831,GR,18.545,435,1223,Chain7,SACRAMENTO
229875,GR,18.97499,1092,9998,Chain113,LOS ANGELES
230104,GR,8.585999,587,9998,Chain87,BUFFALO
230183,GR,6.064999,527,9998,Chain35,SOUTH CAROLINA
230195,GR,14.87299,795,1206,Chain125,MISSISSIPPI
230228,GR,19.21899,890,1145,Chain39,WEST TEX
230275,GR,7.584999,819,9998,Chain35,RALEIGH
230318,GR,6.556,439,1284,Chain108,MILWAUKEE
230350,GR,13.657,873,1198,Chain124,LOS ANGELES
230491,GR,13.408,435,9998,Chain63,HOUSTON
230501,GR,19.21899,807,1114,Chain28,BIRMINGHAM
230501,GR,10.55099,1120,9998,Chain20,BIRMINGHAM
230514,GR,7.386997,1119,9998,Chain35,RALEIGH
230557,GR,19.24799,1092,9998,Chain113,LOS ANGELES
230628,GR,9.987,476,9998,Chain35,RALEIGH
230629,GR,18.87799,1092,9998,Chain113,LOS ANGELES
230761,GR,26.85899,1039,1233,Chain98,SAN FRANCISCO
231065,GR,23.38599,917,1216,Chain53,DES MOINES
231084,GR,43.45599,435,1225,Chain89,NEW YORK
231251,GR,7.988998,435,9998,Chain112,GRAND RAPIDS
231293,GR,14.153,518,9998,Chain119,SEATTLE
231375,GR,10.92999,802,9998,Chain65,NEW YORK
231405,GR,55.70599,435,9998,Chain52,CHARLOTTE
231505,GR,10.466,1142,9998,Chain101,WASHINGTON
231533,GR,16.952,547,9998,Chain94,LOS ANGELES
231584,GR,34.241,439,9998,Chain44,WASHINGTON
231588,GR,5.018997,960,9998,Chain3,SEATTLE
231665,GR,19.21899,922,1329,Chain137,PORTLAND
231720,GR,17.028,719,9998,Chain32,ST. LOUIS
231813,GR,6.240997,724,9998,Chain9,PHILADELPHIA
231874,GR,14.632,435,1346,Chain6,NEW ORLEANS
231963,GR,18.349,983,9998,Chain94,LOS ANGELES
232175,GR,23.87099,435,9998,Chain7,SAN FRANCISCO
232349,GR,9.709999,569,1271,Chain87,ROANOKE
232419,GR,14.377,1140,1392,Chain54,ATLANTA
232473,GR,23.821,1092,9998,Chain113,LOS ANGELES
232626,GR,16.88599,435,1270,Chain31,CHICAGO
232633,GR,22.92099,824,9998,Chain105,ST. LOUIS
232733,GR,11.321,435,9998,Chain120,PORTLAND
232902,GR,12.09399,435,1334,Chain20,BIRMINGHAM
233101,GR,17.14,435,1253,Chain89,NEW YORK
233246,GR,43.69098,435,9998,Chain105,ST. LOUIS
233368,GR,19.924,435,1351,Chain122,SYRACUSE
233411,GR,12.31699,1139,9998,Chain35,CHARLOTTE
233504,GR,10.713,435,1122,Chain76,DALLAS
233605,GR,23.49899,496,1141,Chain52,SOUTH CAROLINA
233607,GR,34.91998,702,9998,Chain134,HARTFORD
233644,GR,9.828995,1038,9998,Chain52,RALEIGH
233708,GR,5.203999,607,9998,Chain3,SEATTLE
233744,GR,17.36299,964,9998,Chain10,NEW YORK
233779,GR,42.83298,954,9998,NONE,EAU CLAIRE
233795,GR,31.10899,1117,1379,Chain114,NEW YORK
233805,GR,27.83499,841,9998,Chain97,MINNEAPOLIS
233825,GR,18.545,1031,1288,Chain7,SAN FRANCISCO
233829,GR,7.514999,795,1169,Chain102,TULSA
233911,GR,27.00999,1059,9998,Chain120,PORTLAND
233981,GR,7.531998,842,9998,Chain17,DALLAS
234123,GR,6.135998,1165,1295,Chain116,BOSTON
234140,GR,26.293,440,9998,Chain85,PITTSFIELD
234212,GR,37.66699,435,9998,Chain55,CHICAGO
234337,GR,8.500999,1069,9998,Chain35,SOUTH CAROLINA
234525,GR,6.496998,934,9998,Chain20,BIRMINGHAM
234578,GR,14.921,644,1247,Chain42,GREEN BAY
234598,GR,14.994,935,9998,Chain53,KANSAS CITY
234616,GR,23.61699,473,9998,Chain124,LOS ANGELES
234627,GR,8.285995,672,9998,Chain87,SYRACUSE
234702,GR,37.77899,654,9998,Chain134,PHILADELPHIA
234741,GR,10.28699,890,1208,Chain35,RICHMOND
234748,GR,18.756,435,9998,Chain55,CHICAGO
234759,GR,20.41499,439,9998,Chain44,WASHINGTON
235057,GR,24.24699,435,1366,Chain105,ST. LOUIS
235186,DR,1.066,883,1403,Chain99,NEW YORK
235190,GR,14.018,435,9998,Chain5,LOS ANGELES
235202,GR,24.80199,435,1328,Chain63,HOUSTON
235223,GR,21.34599,711,1123,Chain124,LOS ANGELES
235350,GR,19.21899,435,1133,Chain1,PHOENIX
235366,GR,39.26999,435,1213,Chain32,ST. LOUIS
235405,GR,19.21899,600,1333,Chain129,RICHMOND
235434,GR,19.21899,435,1239,Chain18,MINNEAPOLIS
235527,GR,5.586998,1003,9998,Chain108,GREEN BAY
235555,GR,18.545,1031,1253,Chain7,SAN FRANCISCO
235638,GR,27.463,435,1145,Chain89,NEW YORK
235735,GR,10.59399,761,9998,Chain35,CHARLOTTE
235758,GR,13.6,807,9998,Chain123,RICHMOND
235795,GR,8.514,1112,9998,Chain133,HARRISBURG
235827,GR,17.946,435,1287,Chain117,SACRAMENTO
235968,GR,15.188,797,9998,Chain94,LOS ANGELES
236100,GR,16.21399,493,9998,Chain4,WEST TEX
236106,GR,15.629,842,1121,Chain133,WASHINGTON
236117,GR,23.18599,435,9998,Chain117,SAN FRANCISCO
236172,GR,19.21899,435,1256,Chain71,CHICAGO
236217,GR,22.476,435,9998,Chain94,LOS ANGELES
236335,GR,25.64899,435,9998,Chain107,BOSTON
236343,GR,25.42999,436,1225,Chain89,NEW YORK
236396,GR,24.64899,770,9998,Chain30,BOSTON
236401,GR,32.88998,436,1275,Chain89,PHILADELPHIA
236485,GR,19.41899,945,9998,Chain31,CHICAGO
236652,GR,5.817997,714,1216,Chain53,DES MOINES
236729,GR,19.21899,664,9998,Chain84,KANSAS CITY
236736,GR,19.771,588,1119,Chain62,ROANOKE
236752,GR,20.97499,983,1388,Chain94,LOS ANGELES
236778,GR,16.91499,439,9998,Chain44,WASHINGTON
236806,GR,33.98199,435,9998,Chain9,PHILADELPHIA
236824,GR,22.924,865,9998,Chain133,HARRISBURG
236876,GR,24.51199,435,9998,Chain107,BOSTON
236970,GR,21.80399,517,1408,Chain124,LOS ANGELES
237068,GR,25.18399,444,1232,Chain70,ROANOKE
237082,GR,16.077,471,9998,Chain16,SOUTH CAROLINA
237107,GR,21.961,620,9998,Chain110,SALT LAKE CITY
237117,GR,19.21899,890,1145,Chain39,WEST TEX
237196,DR,2.529999,986,9998,Chain25,NEW YORK
237277,GR,26.116,435,9998,Chain32,ST. LOUIS
237350,GR,32.827,1142,9998,Chain124,SAN DIEGO
237368,GR,12.09399,913,1339,Chain20,BIRMINGHAM
237386,GR,31.10899,1119,1119,Chain114,NEW YORK
237464,GR,14.39799,1099,1230,Chain113,SAN DIEGO
237476,GR,12.488,842,9998,Chain92,SEATTLE
237573,GR,6.556,447,9998,Chain108,GREEN BAY
237593,GR,19.21899,891,1353,Chain130,SOUTH CAROLINA
237815,GR,26.85899,1039,1422,Chain98,SAN FRANCISCO
237824,GR,13.28899,435,9998,Chain7,SAN FRANCISCO
237976,GR,25.101,435,9998,Chain114,PROVIDENCE
238022,GR,21.67899,480,9998,Chain58,DETROIT
238131,GR,16.83499,561,9998,Chain98,SAN FRANCISCO
238254,GR,11.183,919,9998,Chain36,RICHMOND
238447,GR,17.96799,693,9998,Chain24,DALLAS
238456,GR,17.89999,435,1114,Chain101,WASHINGTON
238476,GR,19.21899,436,9998,Chain109,TOLEDO
238481,GR,19.95499,435,1202,Chain64,DALLAS
238482,GR,35.758,435,9998,Chain89,PHILADELPHIA
238522,GR,15.578,754,1368,Chain15,HARTFORD
238621,GR,13.95399,777,9998,Chain17,DALLAS
238684,GR,17.13799,494,1132,Chain10,WASHINGTON
238729,GR,9.311996,904,1424,Chain20,BIRMINGHAM
238732,GR,21.06599,1144,9998,Chain59,PEORIA
238854,GR,23.532,548,1421,Chain59,PEORIA
238896,GR,14.991,435,9998,Chain95,HOUSTON
238945,GR,28.528,795,9998,Chain15,HARTFORD
239012,GR,16.62799,435,9998,Chain101,WASHINGTON
239034,GR,20.97499,435,1388,Chain94,LOS ANGELES
239081,GR,34.39697,547,1329,Chain94,LOS ANGELES
239121,GR,25.987,1141,9998,Chain57,TOLEDO
239248,GR,16.33199,592,9998,Chain16,SOUTH CAROLINA
239250,GR,19.924,435,1210,Chain122,SYRACUSE
239299,GR,20.69899,873,1198,Chain124,LOS ANGELES
239313,GR,19.21899,567,1114,Chain74,BIRMINGHAM
239359,GR,19.21899,943,1190,Chain128,DALLAS
239502,GR,54.439,842,1198,Chain79,SEATTLE
239590,GR,18.726,435,9998,Chain94,LOS ANGELES
239593,GR,12.31699,435,9998,Chain78,INDIANAPOLIS
239622,GR,20.133,629,9998,Chain5,SAN DIEGO
239682,GR,28.06,977,9998,Chain124,LOS ANGELES
239734,GR,14.632,526,1305,Chain6,OMAHA
239777,GR,11.09599,649,1206,Chain10,NEW ORLEANS
239796,GR,16.79099,435,1178,Chain120,PORTLAND
239874,GR,11.28,435,1215,Chain16,ATLANTA
239919,GR,21.034,435,9998,Chain120,PORTLAND
239923,GR,23.905,575,1182,Chain69,ATLANTA
239927,GR,16.35199,824,9998,Chain122,BUFFALO
239983,GR,9.709999,626,1127,Chain87,SYRACUSE
239992,GR,20.09698,435,9998,Chain122,BUFFALO
240008,GR,21.63899,435,9998,Chain95,HOUSTON
240028,GR,41.48999,488,9998,Chain30,NEW ENGLAND
240042,GR,41.26999,733,1257,Chain49,HOUSTON
240093,GR,40.81198,849,9998,Chain79,PORTLAND
240127,GR,19.21899,496,1146,Chain23,ATLANTA
240157,GR,20.09698,435,1324,Chain114,NEW YORK
240314,GR,19.224,682,9998,Chain10,DETROIT
240337,GR,19.924,912,1423,Chain122,CLEVELAND
240394,GR,26.06699,435,1333,Chain107,BOSTON
240464,GR,33.77698,795,1269,Chain50,BOSTON
240519,GR,23.30099,629,9998,Chain107,PROVIDENCE
240594,GR,14.696,795,9998,Chain76,DALLAS
240668,GR,26.04099,570,1220,Chain103,PEORIA
240692,GR,12.48399,435,9998,Chain53,DES MOINES
240713,GR,13.884,795,9998,Chain59,PEORIA
240742,GR,18.756,435,1327,Chain55,PEORIA
241041,GR,19.21899,887,1353,Chain129,RALEIGH
241050,GR,23.905,878,1433,Chain69,BIRMINGHAM
241158,GR,27.683,518,9998,Chain119,SEATTLE
241220,GR,24.56099,1092,9998,Chain113,LOS ANGELES
241243,GR,10.94299,547,9998,Chain94,LOS ANGELES
241418,GR,13.79099,435,1201,Chain20,BIRMINGHAM
241439,GR,14.921,686,1153,Chain42,MILWAUKEE
241514,GR,26.92499,485,1334,Chain98,SACRAMENTO
241516,GR,34.94098,444,9998,Chain75,GRAND RAPIDS
241553,GR,8.830994,485,9998,Chain35,RICHMOND
241565,GR,33.021,435,9998,Chain103,ST. LOUIS
241567,GR,23.49899,461,1381,Chain52,CHARLOTTE
241628,GR,20.97499,795,1340,Chain94,SAN FRANCISCO
241659,GR,9.709999,1136,1271,Chain87,TOLEDO
241709,GR,15.629,870,1269,Chain133,PHILADELPHIA
241931,GR,26.765,553,9998,Chain124,LOS ANGELES
241941,GR,20.97499,756,1382,Chain94,LOS ANGELES
241965,GR,14.55499,435,9998,Chain92,SEATTLE
241974,GR,19.21899,584,9998,Chain46,SYRACUSE
241981,GR,25.965,1117,9998,Chain114,NEW YORK
241995,GR,19.495,938,9998,Chain119,SEATTLE
242002,GR,17.118,755,1278,Chain4,PORTLAND
242020,GR,20.633,435,9998,Chain7,SAN FRANCISCO
242061,GR,9.725998,842,9998,Chain65,NEW YORK
242224,GR,54.33398,489,1217,Chain30,BOSTON
242349,GR,18.838,435,9998,Chain92,SEATTLE
242371,GR,40.60699,790,1417,Chain115,CHICAGO
242405,GR,29.46599,435,1395,Chain101,WASHINGTON
242435,GR,25.31699,435,1271,Chain98,SACRAMENTO
242496,GR,12.09399,679,1361,Chain20,BIRMINGHAM
242546,GR,18.07599,863,9998,Chain69,ATLANTA
242564,GR,26.85399,584,9998,Chain40,HARRISBURG
242601,GR,19.21899,814,1339,Chain131,RALEIGH
242662,GR,12.09399,797,1364,Chain20,BIRMINGHAM
242965,GR,16.74199,435,9998,Chain16,SOUTH CAROLINA
242971,GR,19.21899,435,1281,Chain22,LOS ANGELES
243172,GR,19.21899,761,1353,Chain130,SOUTH CAROLINA
243368,GR,39.82199,1064,9998,Chain98,SACRAMENTO
243388,GR,32.01599,435,9998,Chain97,MINNEAPOLIS
243400,GR,10.741,435,9998,Chain95,HOUSTON
243432,GR,26.79199,675,9998,Chain29,KANSAS CITY
243496,GR,10.28699,662,1367,Chain35,SOUTH CAROLINA
243575,GR,27.33299,738,9998,Chain10,NEW YORK
243621,GR,19.924,797,1124,Chain122,CLEVELAND
243785,GR,32.81198,435,9998,Chain69,ATLANTA
243867,GR,23.66199,708,1219,Chain105,PEORIA
243941,GR,54.48099,435,9998,Chain124,SAN DIEGO
243945,GR,16.989,435,1277,Chain94,SAN DIEGO
244027,GR,19.34399,435,9998,Chain53,OMAHA
244092,GR,46.33298,435,9998,Chain114,PROVIDENCE
244163,GR,17.118,435,1424,Chain4,PORTLAND
244203,GR,11.28,839,1219,Chain16,KNOXVILLE
244283,GR,19.21899,833,1145,Chain39,WEST TEX
244327,GR,23.202,1093,9998,Chain113,LOS ANGELES
244343,GR,10.028,490,9998,Chain102,OKLAHOMA CITY
244371,GR,23.84999,1092,9998,Chain113,LOS ANGELES
244590,GR,20.97499,998,1177,Chain94,LOS ANGELES
244606,GR,20.53899,435,9998,Chain101,WASHINGTON
244628,GR,19.21899,1019,1128,Chain45,NEW YORK
244696,GR,45.36099,539,1262,Chain134,PHILADELPHIA
244708,GR,19.41499,811,9998,Chain52,CHARLOTTE
244731,GR,23.49899,521,1139,Chain52,SOUTH CAROLINA
244797,GR,11.28,467,1333,Chain16,CHARLOTTE
244801,GR,19.21899,519,1353,Chain130,SOUTH CAROLINA
244941,GR,28.38899,435,9998,Chain94,LOS ANGELES
245116,GR,19.049,1092,9998,Chain113,LOS ANGELES
245443,GR,14.036,958,9998,Chain120,PORTLAND
245589,GR,27.59099,532,1220,Chain27,DES MOINES
245616,GR,23.49899,435,1249,Chain52,SOUTH CAROLINA
245626,GR,21.34599,873,1412,Chain124,LOS ANGELES
245639,GR,19.21899,664,1355,Chain130,SOUTH CAROLINA
245673,GR,33.37399,851,9998,Chain31,CHICAGO
245748,GR,7.988998,435,9998,Chain112,GRAND RAPIDS
245778,GR,34.66098,1073,9998,Chain79,SEATTLE
245863,GR,17.543,435,1175,Chain31,CHICAGO
245894,GR,25.01099,709,9998,Chain41,PHILADELPHIA
245922,GR,21.34599,532,1226,Chain124,LOS ANGELES
246043,GR,40.77499,1139,1253,Chain30,BOSTON
246044,GR,19.924,617,1116,Chain122,BUFFALO
246084,GR,19.21899,1090,1114,Chain28,NEW ORLEANS
246084,GR,21.342,1120,9998,Chain20,NEW ORLEANS
246179,GR,19.939,435,9998,Chain132,BUFFALO
246183,GR,21.34599,873,1306,Chain124,LOS ANGELES
246253,GR,33.15097,701,9998,Chain89,NEW YORK
246366,GR,25.627,1032,1391,Chain97,GREEN BAY
246406,GR,47.02298,487,9998,Chain30,BOSTON
246420,GR,12.31699,1107,1153,Chain78,INDIANAPOLIS
246439,GR,25.22299,903,1275,Chain69,SOUTH CAROLINA
246444,GR,19.21899,936,1246,Chain71,PEORIA
246474,GR,6.556,512,9998,Chain108,GREEN BAY
246562,GR,18.756,700,1412,Chain55,PEORIA
246702,GR,20.103,788,1123,Chain60,MISSISSIPPI
246814,GR,6.556,1028,1138,Chain108,GREEN BAY
246859,GR,41.88599,624,9998,Chain79,PORTLAND
246898,GR,14.433,545,9998,Chain62,ROANOKE
247055,GR,14.632,659,1402,Chain6,TULSA
247076,GR,19.493,435,1395,Chain100,PHOENIX
247077,GR,8.761993,991,9998,Chain20,BIRMINGHAM
247127,GR,21.308,435,1320,Chain13,OMAHA
247159,GR,28.78899,436,9998,Chain15,HARTFORD
247176,GR,56.564,786,9998,Chain114,HARTFORD
247272,GR,17.118,435,1156,Chain4,PORTLAND
247349,GR,19.21899,826,1199,Chain106,TOLEDO
247468,GR,17.118,517,1192,Chain4,WEST TEX
247479,GR,26.911,435,9998,Chain53,DES MOINES
247587,GR,41.53299,990,1271,Chain50,NEW ENGLAND
247743,GR,22.071,520,9998,Chain59,PEORIA
247795,GR,10.453,1090,9998,Chain43,CLEVELAND
247802,GR,19.21899,435,1259,Chain71,CHICAGO
247832,GR,51.72299,435,9998,Chain117,SAN FRANCISCO
247842,GR,17.13799,822,1356,Chain10,NEW ORLEANS
247863,GR,19.21899,495,1158,Chain23,ATLANTA
247916,GR,12.681,435,9998,Chain16,SOUTH CAROLINA
247923,GR,25.75099,772,9998,Chain63,HOUSTON
248104,GR,15.766,435,9998,Chain63,HOUSTON
248128,GR,41.67499,435,9998,Chain15,PITTSFIELD
248173,GR,19.21899,497,1122,Chain1,PHOENIX
248191,GR,13.12399,1029,9998,Chain31,CHICAGO
248244,GR,22.995,931,9998,Chain20,BIRMINGHAM
248366,GR,16.883,925,9998,Chain104,SACRAMENTO
248488,GR,25.02899,546,1162,Chain61,KNOXVILLE
248504,GR,17.017,541,9998,Chain61,BIRMINGHAM
248722,GR,17.13799,605,1294,Chain10,DETROIT
248967,GR,9.744995,747,9998,Chain133,HARRISBURG
249007,GR,40.60699,435,1200,Chain115,MINNEAPOLIS
249009,GR,35.80798,435,1129,Chain32,ST. LOUIS
249047,GR,4.681,1162,9998,Chain108,GREEN BAY
249226,GR,25.22499,435,1215,Chain110,SALT LAKE CITY
249390,GR,20.97499,948,1431,Chain94,SAN FRANCISCO
249718,GR,12.212,778,1120,Chain17,DALLAS
249722,GR,14.196,1147,9998,Chain8,SEATTLE
249735,GR,18.28499,842,1275,Chain89,PHILADELPHIA
249736,GR,12.826,435,9998,Chain31,CHICAGO
249779,GR,43.90298,439,9998,Chain52,RALEIGH
249782,GR,20.97499,822,1430,Chain94,SAN FRANCISCO
249802,GR,14.87299,751,1228,Chain125,MISSISSIPPI
249875,GR,10.256,435,9998,Chain8,SALT LAKE CITY
249879,GR,13.118,435,1427,Chain107,BOSTON
250029,GR,7.253998,719,9998,Chain76,DALLAS
250094,GR,36.04199,435,9998,Chain69,ATLANTA
250379,GR,22.53099,435,9998,Chain119,SEATTLE
250381,GR,21.00299,706,9998,Chain69,ATLANTA
250423,GR,13.019,793,9998,Chain11,KANSAS CITY
250442,GR,11.686,587,1199,Chain60,MISSISSIPPI
250517,GR,11.90199,454,9998,Chain35,CHARLOTTE
250540,GR,14.632,435,1322,Chain6,DALLAS
250584,GR,11.517,518,9998,Chain119,SEATTLE
250631,GR,41.93698,806,9998,Chain114,HARTFORD
250710,GR,34.76498,964,9998,Chain36,RICHMOND
250719,GR,26.05699,467,9998,Chain61,BIRMINGHAM
250725,GR,22.80499,435,9998,Chain89,PHILADELPHIA
250727,GR,14.921,644,1261,Chain42,GREEN BAY
250819,GR,10.713,756,1427,Chain76,DALLAS
250872,GR,61.00998,947,9998,Chain30,NEW ENGLAND
251002,GR,26.04099,493,1198,Chain103,ST. LOUIS
251057,GR,9.176994,788,9998,Chain76,DALLAS
251069,GR,15.02699,560,9998,Chain57,TOLEDO
251254,GR,45.24197,436,9998,Chain134,HARTFORD
251347,GR,31.2,926,9998,Chain114,HARTFORD
251374,GR,44.20898,826,9998,Chain134,PHILADELPHIA
251434,GR,18.38599,921,9998,Chain6,DALLAS
251447,GR,12.69399,1070,1307,Chain127,MISSISSIPPI
251549,GR,16.588,1117,9998,Chain114,NEW YORK
251550,GR,40.43597,710,9998,Chain97,MILWAUKEE
251569,GR,18.756,435,9998,Chain55,CHICAGO
251674,GR,15.717,435,9998,Chain7,SAN FRANCISCO
251686,GR,53.017,436,1142,Chain75,GRAND RAPIDS
251803,GR,20.103,521,1170,Chain60,MISSISSIPPI
251906,GR,45.66299,435,9998,Chain114,HARTFORD
251986,GR,51.00497,435,9998,Chain97,MILWAUKEE
252037,GR,41.07498,435,1335,Chain114,HARTFORD
252039,GR,14.632,873,1181,Chain6,HOUSTON
252139,GR,41.81897,435,9998,Chain132,BUFFALO
252147,GR,43.69998,571,9998,Chain75,TOLEDO
252150,GR,14.96,724,9998,Chain76,DALLAS
252154,GR,20.08699,659,9998,Chain4,WEST TEX
252201,GR,19.45799,435,1129,Chain64,DALLAS
252248,GR,11.991,795,9998,Chain76,DALLAS
252276,GR,17.13799,955,1252,Chain10,MILWAUKEE
252362,GR,15.629,748,1204,Chain133,WASHINGTON
252570,GR,30.70299,435,9998,Chain32,ST. LOUIS
252623,GR,19.21899,1030,1221,Chain71,CHICAGO
252805,GR,19.84499,1043,9998,Chain10,DETROIT
252869,GR,21.63199,751,1340,Chain110,WEST TEX
252999,GR,9.209999,689,9998,Chain16,SOUTH CAROLINA
253072,GR,44.61697,702,1233,Chain117,SAN FRANCISCO
253077,GR,12.27499,435,9998,Chain8,SALT LAKE CITY
253139,GR,62.59299,767,9998,Chain75,DETROIT
253179,GR,39.78598,435,9998,Chain89,NEW YORK
253279,GR,17.13799,882,1328,Chain10,NEW YORK
253422,GR,18.756,435,1191,Chain55,CHICAGO
253454,GR,33.16199,710,1406,Chain36,RICHMOND
253527,GR,14.921,969,1247,Chain42,GREEN BAY
253546,GR,17.97198,435,9998,Chain34,HOUSTON
253574,GR,21.88599,435,1139,Chain58,DETROIT
253599,GR,44.77899,435,9998,Chain132,BUFFALO
253671,GR,21.564,875,9998,Chain42,MILWAUKEE
253785,GR,12.09399,958,1285,Chain20,BIRMINGHAM
253874,GR,18.756,435,9998,Chain55,CHICAGO
253936,GR,21.69699,659,9998,Chain6,DALLAS
254040,GR,31.10899,1117,1185,Chain114,NEW YORK
254228,GR,18.69398,542,1412,Chain64,DALLAS
254403,GR,23.49899,1128,1141,Chain52,ATLANTA
254438,GR,20.01799,461,9998,Chain16,CHARLOTTE
254648,GR,9.925995,435,9998,Chain110,SALT LAKE CITY
254716,GR,17.13799,1071,1276,Chain10,DETROIT
254904,GR,30.045,877,9998,Chain85,NEW ENGLAND
254990,GR,19.21899,762,9998,Chain84,KANSAS CITY
255020,GR,12.921,785,9998,Chain94,SAN DIEGO
255390,GR,11.67699,435,9998,Chain7,SAN FRANCISCO
255503,GR,18.67599,654,9998,Chain10,NEW YORK
255563,GR,31.10899,435,1272,Chain114,PROVIDENCE
255588,GR,12.09399,435,1216,Chain20,ATLANTA
255653,GR,26.61299,435,1209,Chain89,NEW YORK
255837,GR,18.756,496,9998,Chain55,CHICAGO
255883,GR,18.756,939,9998,Chain55,CHICAGO
255955,GR,20.16199,435,9998,Chain89,PHILADELPHIA
256021,GR,16.433,547,9998,Chain94,LOS ANGELES
256069,GR,18.545,1094,1276,Chain7,SAN FRANCISCO
256183,GR,17.13799,1039,1227,Chain10,MILWAUKEE
256221,GR,18.756,435,1169,Chain55,CHICAGO
256370,GR,15.988,570,9998,Chain30,NEW ENGLAND
256397,GR,18.545,435,1118,Chain7,SAN FRANCISCO
256405,GR,19.21899,611,1259,Chain71,PEORIA
256423,GR,56.92697,545,9998,Chain31,CHICAGO
256427,GR,18.34399,435,9998,Chain76,DALLAS
256432,GR,8.125999,435,9998,Chain8,SEATTLE
256498,DR,3.983,863,9998,Chain136,SEATTLE
256582,GR,19.63599,545,9998,Chain64,DALLAS
256649,GR,14.47199,435,1125,Chain8,SEATTLE
256761,GR,18.795,733,1374,Chain66,NEW YORK
256809,GR,17.685,659,9998,Chain6,OKLAHOMA CITY
256951,GR,16.39099,435,9998,Chain10,NEW YORK
256975,GR,14.47199,435,1409,Chain8,SEATTLE
256982,GR,31.53699,842,1233,Chain15,HARTFORD
256998,GR,19.21899,602,1255,Chain71,CHICAGO
257002,GR,18.50999,1075,9998,Chain92,SEATTLE
257006,GR,19.21899,435,1173,NONE,EAU CLAIRE
257116,GR,19.21899,495,1158,Chain23,ATLANTA
257135,GR,29.16399,435,9998,Chain5,LOS ANGELES
257136,GR,40.60699,540,1417,Chain115,CHICAGO
257178,GR,7.081997,768,9998,Chain59,INDIANAPOLIS
257207,GR,19.924,441,1197,Chain122,CLEVELAND
257337,GR,22.19699,946,9998,Chain94,SAN DIEGO
257373,GR,17.13799,1064,1128,Chain10,NEW YORK
257520,GR,27.939,709,1366,Chain85,SYRACUSE
257557,GR,18.795,435,9998,Chain66,NEW YORK
257593,GR,21.74599,435,1144,Chain9,PHILADELPHIA
257658,GR,16.36499,567,9998,Chain59,PEORIA
257828,GR,28.99199,833,1129,Chain105,ST. LOUIS
257871,GR,40.60699,954,1346,Chain115,EAU CLAIRE
257937,GR,22.015,1092,1403,Chain113,LOS ANGELES
257997,GR,10.158,684,9998,Chain127,BIRMINGHAM
258092,GR,10.501,934,9998,Chain20,BIRMINGHAM
258109,GR,10.126,435,9998,Chain107,BOSTON
258119,GR,11.28,519,1172,Chain16,SOUTH CAROLINA
258162,GR,7.988998,705,9998,Chain112,GRAND RAPIDS
258233,GR,18.756,700,1412,Chain55,PEORIA
258282,GR,68.14099,566,9998,Chain30,NEW ENGLAND
258305,GR,20.97499,1053,1339,Chain94,SACRAMENTO
258325,GR,12.09399,435,1286,Chain20,NEW ORLEANS
258411,GR,26.991,587,1134,Chain124,SAN DIEGO
258445,GR,13.743,435,9998,Chain120,PORTLAND
258492,GR,21.22899,519,9998,Chain69,SOUTH CAROLINA
258588,GR,19.547,624,1367,Chain24,DALLAS
258592,GR,17.13799,576,1236,Chain10,DETROIT
258604,GR,10.28699,795,1286,Chain35,KNOXVILLE
258606,GR,28.321,1097,9998,Chain43,CLEVELAND
258621,GR,17.118,608,1187,Chain4,PHOENIX
258678,GR,18.15199,577,1351,Chain59,INDIANAPOLIS
258709,GR,17.13799,1120,1202,Chain10,MILWAUKEE
258855,GR,16.69398,1075,9998,Chain5,SAN DIEGO
258871,GR,13.09299,774,9998,Chain133,HARRISBURG
258898,GR,19.47499,435,1344,Chain79,PORTLAND
258982,GR,15.328,435,9998,Chain62,ROANOKE
258988,GR,13.838,518,9998,Chain119,SEATTLE
259101,GR,32.12097,983,1315,Chain32,ST. LOUIS
259111,GR,4.714996,803,9998,NONE,PITTSFIELD
259171,GR,9.165993,742,9998,Chain35,RICHMOND
259335,GR,16.94499,435,9998,Chain52,RALEIGH
259446,GR,11.563,837,9998,Chain94,LOS ANGELES
259476,GR,7.505997,1139,9998,Chain70,KNOXVILLE
259495,GR,18.756,683,9998,Chain55,CHICAGO
259499,GR,27.57199,855,9998,Chain100,PHOENIX
259543,GR,60.00699,435,9998,Chain50,NEW ENGLAND
259603,GR,19.21899,963,1115,Chain74,NEW ORLEANS
259623,GR,19.21899,435,1114,Chain28,NEW ORLEANS
259623,GR,9.848999,1120,9998,Chain20,NEW ORLEANS
259661,GR,17.28499,438,9998,Chain5,LOS ANGELES
259693,GR,13.014,592,9998,Chain10,DETROIT
259710,GR,22.036,935,9998,Chain15,HARTFORD
259735,GR,14.169,435,9998,Chain5,LOS ANGELES
260160,GR,21.06898,842,9998,Chain65,NEW YORK
260176,GR,31.10899,475,1275,Chain114,BOSTON
260230,GR,18.756,727,9998,Chain55,CHICAGO
260243,GR,18.57199,936,9998,Chain69,ATLANTA
260288,GR,5.216999,1142,9998,Chain116,INDIANAPOLIS
260318,GR,14.632,435,1305,Chain6,OMAHA
260382,GR,11.28,435,1171,Chain16,SOUTH CAROLINA
260410,GR,19.21899,807,1259,Chain71,PEORIA
260425,GR,19.21899,435,1355,Chain131,CHARLOTTE
260505,GR,28.04999,435,9998,Chain107,BOSTON
260549,GR,21.73799,659,9998,Chain6,DALLAS
260554,GR,12.312,447,9998,Chain35,RALEIGH
260619,GR,21.308,435,1356,Chain13,OMAHA
260790,GR,30.13199,857,9998,Chain89,NEW YORK
260829,GR,21.308,435,1311,Chain13,OMAHA
261694,GR,61.61499,487,9998,Chain30,BOSTON
261765,GR,10.502,659,9998,Chain6,DALLAS
261773,GR,11.323,483,1292,Chain35,CHARLOTTE
261782,GR,23.21899,540,9998,Chain59,INDIANAPOLIS
261919,GR,13.296,435,9998,Chain9,PHILADELPHIA
262021,GR,14.87299,945,1355,Chain125,MISSISSIPPI
262029,GR,19.21899,708,1355,Chain131,CHARLOTTE
262080,GR,19.771,435,1312,Chain62,RALEIGH
262175,GR,26.49599,568,1178,Chain115,DES MOINES
262295,GR,7.846996,435,9998,Chain14,PHOENIX
262313,GR,34.59799,435,9998,Chain100,PHOENIX
262433,GR,22.88499,651,9998,Chain31,CHICAGO
262554,GR,19.21899,568,1250,Chain71,PEORIA
262563,GR,21.88199,730,9998,Chain47,SEATTLE
262569,GR,18.756,727,9998,Chain55,CHICAGO
262572,GR,27.463,842,1194,Chain89,NEW YORK
262684,GR,6.135998,659,1164,Chain116,ST. LOUIS
262702,GR,7.952,475,9998,Chain35,CHARLOTTE
262725,GR,8.387993,795,1228,Chain76,DALLAS
262847,GR,17.42499,817,9998,Chain104,SAN FRANCISCO
262916,GR,19.21899,814,1189,Chain128,DALLAS
262996,GR,14.419,1075,9998,Chain58,DETROIT
263066,GR,20.48799,953,9998,Chain14,PHOENIX
263245,GR,10.01199,435,9998,Chain35,RALEIGH
263279,GR,19.21899,964,1190,Chain128,DALLAS
263391,GR,11.952,435,1277,Chain104,SACRAMENTO
263478,GR,42.92798,1104,1419,Chain37,PHOENIX
263490,GR,12.139,435,1432,Chain6,WEST TEX
263568,GR,23.95,863,9998,Chain69,ATLANTA
263573,GR,21.51299,435,1401,Chain104,SAN FRANCISCO
263818,GR,22.44499,1136,1393,Chain107,BOSTON
263939,GR,10.70499,699,1437,Chain31,CHICAGO
264075,GR,25.20599,460,9998,NONE,EAU CLAIRE
264108,GR,9.113998,435,9998,Chain16,SOUTH CAROLINA
264203,GR,61.89899,435,9998,Chain132,SYRACUSE
264218,GR,15.85999,669,9998,Chain6,TULSA
264242,GR,39.793,435,9998,Chain114,BOSTON
264267,GR,14.689,435,1216,Chain53,DES MOINES
264296,GR,21.79199,1030,1269,Chain52,RICHMOND
264306,GR,16.24799,435,9998,Chain117,SAN FRANCISCO
264320,GR,12.114,439,9998,Chain44,WASHINGTON
264332,GR,19.21899,751,1114,Chain28,BIRMINGHAM
264332,GR,15.897,1120,9998,Chain20,BIRMINGHAM
264370,GR,14.533,1073,9998,Chain95,HOUSTON
264413,GR,17.407,679,9998,Chain31,CHICAGO
264441,GR,12.923,997,9998,Chain127,BIRMINGHAM
264494,GR,32.599,638,1218,Chain98,SAN FRANCISCO
264500,GR,15.37099,1048,9998,Chain4,LOS ANGELES
264580,GR,14.689,727,9998,Chain120,PORTLAND
264603,GR,27.09499,435,9998,Chain58,DETROIT
264605,GR,15,685,9998,Chain14,PHOENIX
264637,GR,19.21899,871,1187,Chain46,SYRACUSE
264725,GR,14.632,1003,1158,Chain6,DES MOINES
264763,GR,26.04099,811,1309,Chain103,ST. LOUIS
264807,GR,24.15999,587,9998,Chain60,MISSISSIPPI
264808,GR,7.514999,795,1169,Chain102,WEST TEX
264929,GR,26.67499,913,1419,Chain57,TOLEDO
264945,GR,9.854996,435,9998,Chain8,SALT LAKE CITY
264960,GR,10.28699,761,1213,Chain35,ROANOKE
265018,GR,34.42398,751,9998,Chain43,CLEVELAND
265080,GR,13.39999,632,9998,Chain10,DETROIT
265118,GR,21.74599,1119,1236,Chain9,PHILADELPHIA
265126,GR,27.463,435,1331,Chain89,NEW YORK
265140,GR,35.27499,435,1425,Chain79,PORTLAND
265444,GR,65.31799,487,9998,Chain30,BOSTON
265550,GR,17.79399,555,9998,Chain97,MINNEAPOLIS
265557,GR,14.87299,703,1334,Chain125,MISSISSIPPI
265562,GR,25.02899,435,1137,Chain61,BIRMINGHAM
265587,GR,31.10899,1117,1325,Chain114,NEW YORK
265601,GR,18.71199,435,9998,Chain64,DALLAS
265659,GR,16.26799,435,9998,Chain122,SYRACUSE
265682,GR,17.13799,632,1349,Chain10,DETROIT
265685,GR,21.34599,711,1215,Chain124,LOS ANGELES
265695,GR,24.03,469,9998,Chain123,RICHMOND
265775,GR,15.835,947,9998,Chain35,RALEIGH
265926,GR,19.21899,1041,1286,Chain22,SAN DIEGO
265932,GR,7.287998,435,9998,Chain76,DALLAS
266082,GR,8.408997,774,9998,Chain133,HARRISBURG
266090,GR,19.21899,963,1115,Chain74,NEW ORLEANS
266100,GR,21.215,475,9998,Chain69,ATLANTA
266101,GR,21.34599,750,1114,Chain124,LOS ANGELES
266117,GR,19.21899,435,1198,Chain130,SOUTH CAROLINA
266131,GR,12.31699,435,9998,Chain78,INDIANAPOLIS
266235,GR,24.21599,887,9998,Chain64,DALLAS
266239,GR,14.632,659,1402,Chain6,TULSA
266249,GR,20.97499,1053,1384,Chain94,SACRAMENTO
266316,GR,13.643,891,9998,Chain24,DALLAS
266349,GR,24.65199,435,9998,Chain55,CHICAGO
266481,GR,43.25998,811,9998,Chain75,DETROIT
266514,GR,36.37698,435,1124,Chain98,SACRAMENTO
266596,GR,6.561996,836,9998,NONE,PITTSFIELD
266628,GR,9.281998,435,9998,Chain8,SALT LAKE CITY
266793,GR,24.95699,435,9998,Chain101,WASHINGTON
266821,GR,19.21899,842,9998,Chain84,KANSAS CITY
266824,GR,57.76297,435,9998,Chain134,NEW YORK
266868,GR,10.28699,890,1287,Chain35,RALEIGH
266910,GR,12.31699,435,1241,Chain78,INDIANAPOLIS
266912,GR,29.68799,435,9998,Chain132,BUFFALO
266926,GR,23.20499,483,9998,Chain79,PORTLAND
266972,GR,16.62099,727,1253,Chain10,NEW YORK
267071,GR,10.28699,483,1220,Chain35,RALEIGH
267136,GR,35.39999,435,1340,Chain94,LOS ANGELES
267235,GR,17.68399,769,9998,Chain34,HOUSTON
267328,GR,19.21899,1153,1158,Chain23,ATLANTA
267356,GR,20.711,946,1288,Chain5,SAN DIEGO
267393,GR,17.90999,435,9998,Chain52,RALEIGH
267410,GR,20.97499,547,1345,Chain94,LOS ANGELES
267466,GR,16.661,873,1225,Chain124,LOS ANGELES
267479,GR,14.71999,720,9998,Chain58,DETROIT
267552,GR,28.209,780,9998,Chain7,SACRAMENTO
267597,GR,10.532,435,9998,Chain8,SALT LAKE CITY
267651,GR,11.96,908,9998,Chain24,DALLAS
267690,GR,45.36099,1031,1404,Chain134,PHILADELPHIA
267699,GR,40.939,662,9998,Chain122,BUFFALO
267766,GR,14.159,435,9998,Chain8,SEATTLE
267899,GR,17.26099,908,9998,Chain4,SAN DIEGO
268029,GR,46.78897,644,9998,Chain132,SYRACUSE
268052,GR,27.125,842,9998,Chain70,ROANOKE
268072,GR,13.87199,439,9998,Chain7,SACRAMENTO
268112,GR,12.09399,718,1342,Chain20,BIRMINGHAM
268307,GR,29.95299,951,9998,Chain107,HARTFORD
268331,GR,12.92,667,9998,Chain10,WASHINGTON
268335,GR,12.228,902,9998,Chain10,NEW YORK
268463,GR,7.514999,840,1169,Chain102,TULSA
268492,GR,73.99799,487,9998,Chain30,BOSTON
268502,GR,19.21899,887,1123,Chain45,NEW YORK
268514,GR,10.142,1129,9998,Chain135,SOUTH CAROLINA
268634,GR,34.793,954,9998,Chain98,SACRAMENTO
268994,GR,27.02599,587,1204,Chain110,SALT LAKE CITY
269039,GR,35.84,544,9998,Chain37,PHOENIX
269230,GR,14.87299,435,1357,Chain125,NEW ORLEANS
269307,GR,27.463,890,9998,Chain89,NEW YORK
269342,GR,18.26399,842,9998,Chain11,KANSAS CITY
269805,GR,21.42699,435,9998,Chain52,CHARLOTTE
269819,GR,27.778,1025,1138,Chain43,CLEVELAND
269824,GR,20.43999,435,9998,Chain117,SAN FRANCISCO
269827,GR,19.91899,435,9998,Chain110,SALT LAKE CITY
269838,GR,23.405,435,9998,Chain120,PORTLAND
269852,GR,14.632,660,1305,Chain6,DALLAS
270142,GR,19.78499,518,1169,Chain119,SEATTLE
270220,GR,19.21899,833,1145,Chain39,WEST TEX
270257,GR,14.921,685,1255,Chain42,MILWAUKEE
270265,GR,35.75299,963,9998,Chain115,MILWAUKEE
270266,GR,9.002998,713,9998,Chain87,SYRACUSE
270282,GR,17.13799,485,1202,Chain10,MILWAUKEE
270348,GR,21.33899,435,9998,Chain50,NEW ENGLAND
270508,GR,20.97499,623,1327,Chain94,SAN FRANCISCO
270612,GR,43.25699,588,9998,Chain58,DETROIT
270652,GR,48.18597,490,9998,Chain114,HARTFORD
270801,GR,20.97499,795,1116,Chain94,SAN FRANCISCO
270862,GR,41.38699,435,9998,Chain32,ST. LOUIS
270879,GR,40.20499,936,9998,Chain89,PHILADELPHIA
270995,GR,23.905,752,1340,Chain69,SOUTH CAROLINA
271044,DR,1.153,1070,9998,Chain99,NEW YORK
271053,GR,23.05899,639,9998,Chain31,CHICAGO
271064,GR,15.743,435,9998,Chain94,SAN DIEGO
271075,GR,16.78999,435,1350,Chain117,SACRAMENTO
271083,GR,12.70599,1119,1119,Chain114,NEW YORK
271172,GR,48.97198,842,9998,Chain134,NEW YORK
271202,GR,18.47699,935,9998,Chain122,BUFFALO
271290,GR,19.09999,473,9998,Chain110,SALT LAKE CITY
271295,GR,14.921,435,1245,Chain42,MILWAUKEE
271395,GR,26.06699,435,1138,Chain107,BOSTON
271395,GR,18.05199,1139,9998,Chain107,BOSTON
271477,GR,23.49899,734,1140,Chain52,SOUTH CAROLINA
271486,GR,6.990997,490,9998,Chain102,OKLAHOMA CITY
271567,GR,17.34698,752,1397,Chain60,MISSISSIPPI
271702,GR,18.25,1145,1154,Chain34,HOUSTON
271762,GR,25.95599,991,9998,Chain27,DES MOINES
271774,GR,17.463,751,9998,Chain123,RICHMOND
271783,GR,21.543,659,9998,Chain6,DALLAS
271861,GR,32.52597,435,9998,Chain89,PHILADELPHIA
271865,GR,12.38799,435,9998,Chain58,DETROIT
271962,GR,50.45999,795,9998,Chain114,NEW YORK
272011,GR,23.07399,1076,1216,Chain12,HARRISBURG
272068,GR,20.98499,1144,1145,Chain59,INDIANAPOLIS
272096,GR,19.21899,915,1123,Chain1,PHOENIX
272110,GR,22.65599,435,9998,Chain124,SAN DIEGO
272133,GR,25.34599,1144,9998,Chain61,KNOXVILLE
272152,GR,45.879,754,1368,Chain15,HARTFORD
272154,GR,14.63599,719,9998,Chain4,PHOENIX
272160,GR,23.905,526,1345,Chain69,SOUTH CAROLINA
272261,GR,18.756,500,9998,Chain55,CHICAGO
272291,GR,39.85699,435,9998,Chain132,SYRACUSE
272353,GR,20.19199,703,9998,Chain94,LOS ANGELES
272381,GR,17.13799,659,1185,Chain10,NEW YORK
272485,GR,13.63799,751,1269,Chain133,WASHINGTON
272503,GR,17.13799,682,1214,Chain10,DETROIT
272568,GR,18.756,435,9998,Chain55,CHICAGO
272619,GR,10.654,435,9998,Chain120,PORTLAND
272725,GR,19.34999,1039,9998,Chain98,SAN FRANCISCO
272849,GR,8.435997,488,9998,Chain10,NEW ORLEANS
272948,GR,19.698,435,9998,Chain98,SACRAMENTO
272957,GR,18.49199,435,1160,Chain104,SACRAMENTO
273052,GR,21.74599,948,1334,Chain9,PHILADELPHIA
273064,GR,18.06599,435,9998,Chain107,NEW ENGLAND
273081,GR,56.633,435,9998,Chain89,NEW YORK
273091,GR,8.017998,925,9998,Chain108,CHICAGO
273158,GR,17.89999,941,1330,Chain101,WASHINGTON
273211,GR,10.466,810,1400,Chain76,DALLAS
273220,GR,51.974,999,9998,Chain79,SEATTLE
273257,GR,39.42398,439,9998,Chain44,WASHINGTON
273348,GR,20.55399,467,9998,Chain110,SALT LAKE CITY
273366,GR,17.13799,727,1159,Chain10,NEW YORK
273421,GR,14.697,560,9998,Chain62,ROANOKE
273435,GR,19.21899,961,1231,Chain106,TOLEDO
273480,GR,23.07399,1076,1194,Chain12,WASHINGTON
273578,GR,17.543,435,1140,Chain31,CHICAGO
273608,GR,19.771,751,1289,Chain62,RALEIGH
273639,GR,21.27599,983,1216,Chain53,DES MOINES
273657,GR,17.13799,537,1151,Chain10,NEW YORK
273702,GR,12.948,693,9998,Chain24,DALLAS
273720,GR,33.823,624,9998,Chain124,SAN DIEGO
273735,GR,6.911999,890,9998,Chain35,KNOXVILLE
273755,GR,14.324,873,1198,Chain124,LOS ANGELES
273874,GR,17.543,561,1171,Chain31,CHICAGO
273881,GR,12.09399,435,1201,Chain20,BIRMINGHAM
273904,GR,19.924,464,1423,Chain122,CLEVELAND
273920,GR,27.23399,589,9998,Chain105,ST. LOUIS
273963,GR,17.53299,435,1198,Chain124,LOS ANGELES
273989,GR,9.223,973,1355,Chain126,ATLANTA
274024,GR,19.657,1018,9998,Chain117,SACRAMENTO
274071,GR,21.62299,660,1132,Chain53,DES MOINES
274078,GR,13.076,659,9998,Chain6,TULSA
274092,GR,28.78299,435,9998,Chain11,KANSAS CITY
274114,GR,6.776997,487,9998,Chain35,RALEIGH
274125,GR,62.44199,448,9998,Chain134,NEW YORK
274134,GR,32.728,518,9998,Chain119,SEATTLE
274219,GR,18.88199,435,9998,Chain100,PHOENIX
274239,GR,11.018,435,1225,Chain101,WASHINGTON
274250,GR,14.293,492,9998,Chain36,RICHMOND
274409,GR,40.60699,871,1417,Chain115,CHICAGO
274424,GR,15.153,796,9998,Chain94,LOS ANGELES
274425,GR,40.19098,445,9998,Chain60,MISSISSIPPI
274459,GR,39.45599,720,9998,Chain61,KNOXVILLE
274569,GR,26.23999,435,9998,Chain117,SAN FRANCISCO
274671,GR,36.56,990,9998,Chain50,NEW ENGLAND
274718,GR,30.87799,842,1343,Chain114,NEW YORK
274719,GR,24.76299,531,9998,Chain62,ROANOKE
274801,GR,18.362,811,1230,Chain107,PROVIDENCE
274897,GR,13.88699,756,9998,Chain41,PHILADELPHIA
274926,GR,17.13799,435,1207,Chain10,DETROIT
275072,GR,13.354,435,9998,Chain101,WASHINGTON
275111,GR,22.68599,439,9998,Chain61,KNOXVILLE
275175,GR,7.514999,1034,1118,Chain102,TULSA
275481,GR,20.97499,1053,1384,Chain94,SACRAMENTO
275702,GR,6.556,734,9998,Chain108,MILWAUKEE
276018,GR,17.13799,467,1232,Chain10,HARTFORD
276089,GR,9.834999,435,9998,Chain10,NEW YORK
276217,GR,21.907,584,9998,Chain57,TOLEDO
276278,GR,19.21899,536,1116,Chain74,MISSISSIPPI
276288,GR,14.632,435,1304,Chain6,OMAHA
276293,GR,17.13799,732,1202,Chain10,MILWAUKEE
276352,GR,20.98499,747,1143,Chain59,PEORIA
276357,GR,19.21899,664,1353,Chain130,SOUTH CAROLINA
276388,GR,12.377,1020,1140,Chain14,PHOENIX
276392,GR,58.22299,435,9998,Chain75,GRAND RAPIDS
276442,GR,6.445,1132,9998,Chain135,SOUTH CAROLINA
276501,GR,17.13799,475,1142,Chain10,NEW YORK
276576,GR,40.409,681,9998,Chain53,OMAHA
276604,GR,28.224,435,9998,Chain98,SACRAMENTO
276714,GR,23.868,817,9998,Chain59,INDIANAPOLIS
276893,GR,33.34598,435,9998,Chain100,PHOENIX
276938,GR,10.063,1031,1199,Chain5,LOS ANGELES
276952,GR,10.435,435,9998,Chain101,WASHINGTON
277002,GR,24.84399,547,9998,Chain94,LOS ANGELES
277073,GR,17.39099,704,9998,Chain13,OMAHA
277197,GR,17.543,435,1149,Chain31,CHICAGO
277222,GR,19.353,545,9998,Chain64,DALLAS
277262,GR,14.47199,435,1170,Chain8,SEATTLE
277271,GR,25.30899,992,9998,Chain79,PORTLAND
277326,GR,21.65999,947,1286,Chain87,BUFFALO
277330,GR,52.396,435,1176,Chain132,BUFFALO
277446,GR,19.21899,890,1145,Chain39,WEST TEX
277486,GR,20.98499,728,1262,Chain59,PEORIA
277587,GR,19.21899,649,1205,Chain106,DETROIT
277620,GR,30.396,435,9998,Chain50,NEW ENGLAND
277743,GR,16.27199,435,9998,Chain117,SACRAMENTO
278063,GR,29.495,567,9998,Chain98,SAN FRANCISCO
278072,GR,25.02899,460,1376,Chain61,KNOXVILLE
278116,GR,18.64699,435,1197,Chain105,ST. LOUIS
278154,GR,12.09399,535,1400,Chain20,BIRMINGHAM
278194,GR,10.78699,435,9998,Chain4,PORTLAND
278275,GR,15.619,435,1158,Chain92,SEATTLE
278284,GR,19.21899,435,1158,Chain23,ATLANTA
278346,GR,26.85399,435,1178,Chain40,HARRISBURG
278350,GR,24.02599,435,9998,Chain100,PHOENIX
278354,GR,6.460999,1062,9998,Chain76,DALLAS
278355,GR,13.172,873,9998,Chain124,LOS ANGELES
278415,GR,16.47499,1144,9998,Chain79,SEATTLE
278529,GR,19.21899,559,1133,Chain1,PHOENIX
278549,GR,9.223,568,1355,Chain126,ATLANTA
278571,GR,63.12198,811,9998,Chain75,GRAND RAPIDS
278609,GR,17.31099,435,9998,Chain117,SAN FRANCISCO
278613,GR,29.084,435,9998,Chain37,PHOENIX
278625,GR,16.629,870,9998,Chain133,HARRISBURG
278641,GR,17.418,743,9998,Chain94,LOS ANGELES
278695,GR,14.47199,435,1132,Chain8,SALT LAKE CITY
278734,GR,8.804993,795,9998,Chain69,SOUTH CAROLINA
278738,GR,8.764999,435,9998,Chain4,LOS ANGELES
278826,GR,17.90399,435,9998,Chain34,HOUSTON
278830,GR,30.42299,711,1215,Chain124,LOS ANGELES
278832,GR,6.556,609,9998,Chain108,MILWAUKEE
278892,GR,23.49899,890,1240,Chain52,CHARLOTTE
278895,GR,23.49899,435,1309,Chain52,CHARLOTTE
279039,GR,40.60699,435,1141,Chain115,INDIANAPOLIS
279048,GR,17.13799,467,1252,Chain10,MILWAUKEE
279219,GR,27.939,435,1204,Chain85,SYRACUSE
279229,GR,39.39499,435,9998,Chain64,DALLAS
279300,GR,26.54099,435,9998,Chain105,ST. LOUIS
279373,GR,19.56499,435,9998,Chain10,NEW YORK
279398,GR,20.33099,435,9998,Chain53,DES MOINES
279425,GR,13.20399,873,9998,Chain124,LOS ANGELES
279429,GR,11.561,810,9998,Chain9,NEW YORK
279469,GR,39.14899,435,1375,Chain103,ST. LOUIS
279568,GR,26.23199,435,9998,Chain89,NEW YORK
279569,GR,17.13799,1041,1193,Chain10,MILWAUKEE
279575,GR,19.21899,880,1133,Chain1,PHOENIX
279631,GR,19.21899,890,1145,Chain39,WEST TEX
279693,GR,12.908,566,1402,Chain127,BIRMINGHAM
279714,GR,43.60898,435,9998,Chain115,MINNEAPOLIS
279728,GR,9.914993,727,1253,Chain10,NEW YORK
279734,GR,12.7,1152,9998,Chain6,OKLAHOMA CITY
279940,GR,10.28699,892,1396,Chain35,RALEIGH
280059,GR,14.87299,681,1353,Chain125,NEW ORLEANS
280181,GR,31.10899,1037,1277,Chain114,BOSTON
280286,GR,34.52698,439,9998,Chain107,NEW ENGLAND
280314,GR,25.35699,527,9998,Chain110,WEST TEX
280386,GR,14.46,435,9998,Chain117,SAN FRANCISCO
280443,GR,37.24399,704,1323,Chain49,DALLAS
280487,GR,45.94299,435,9998,Chain43,CLEVELAND
280499,GR,17.13799,1072,1356,Chain10,NEW ORLEANS
280502,GR,20.21899,530,1419,Chain110,WEST TEX
280529,GR,33.57797,435,1118,Chain31,CHICAGO
280865,GR,19.21899,859,1415,Chain19,HOUSTON
280880,GR,9.355995,1139,9998,Chain35,SOUTH CAROLINA
280900,GR,25.02899,795,1217,Chain61,BIRMINGHAM
281074,GR,19.21899,1150,1259,Chain71,PEORIA
281109,GR,14.31,435,9998,Chain4,PORTLAND
281393,GR,24.55299,703,1269,Chain6,BIRMINGHAM
281536,GR,10.52699,747,9998,Chain133,HARRISBURG
281624,GR,25.85199,448,9998,Chain110,WEST TEX
281761,GR,20.355,794,9998,Chain94,LOS ANGELES
281920,GR,18.545,435,1404,Chain7,SACRAMENTO
281926,GR,15.756,842,1133,Chain70,KNOXVILLE
282009,GR,21.34599,818,1129,Chain124,LOS ANGELES
282062,GR,38.04199,435,9998,Chain34,HOUSTON
282072,GR,27.59099,439,1204,Chain27,DES MOINES
282311,GR,14.87299,877,1355,Chain125,MISSISSIPPI
282379,GR,21.17999,810,9998,Chain5,LOS ANGELES
282496,GR,21.74599,485,1118,Chain9,PHILADELPHIA
282513,GR,19.2,842,9998,Chain133,WASHINGTON
282571,GR,28.87199,491,9998,Chain31,CHICAGO
282580,GR,27.463,542,1197,Chain89,NEW YORK
282636,GR,17.13799,1140,1202,Chain10,MILWAUKEE
282637,GR,19.21899,880,1131,Chain1,PHOENIX
282693,GR,4.445,435,1432,Chain52,RALEIGH
282731,GR,36.97897,908,9998,Chain24,DALLAS
282823,GR,10.28699,795,1416,Chain35,WASHINGTON
283190,GR,9.858994,1059,9998,Chain4,SACRAMENTO
283195,GR,9.223,710,1355,Chain126,ATLANTA
283222,GR,28.46799,1119,1119,Chain114,NEW YORK
283383,GR,52.396,935,1349,Chain132,BUFFALO
283401,GR,10.28699,970,1221,Chain35,KNOXVILLE
283405,GR,19.21899,788,1187,Chain128,DALLAS
283432,GR,31.786,435,9998,Chain50,NEW ENGLAND
283481,GR,11.462,1038,9998,Chain10,NEW YORK
283490,GR,8.993996,995,1292,Chain91,SOUTH CAROLINA
283639,GR,80.15497,435,9998,Chain132,BUFFALO
283781,GR,15.71799,567,9998,Chain110,SALT LAKE CITY
283900,GR,31.601,988,9998,Chain58,DETROIT
283952,GR,15.619,874,1142,Chain92,SEATTLE
283968,GR,19.924,904,1327,Chain122,CLEVELAND
284045,GR,9.223,1111,9998,Chain120,PORTLAND
284049,GR,15.632,435,9998,Chain63,HOUSTON
284051,GR,29.76399,435,9998,Chain114,PROVIDENCE
284189,GR,21.31799,435,9998,Chain9,PHILADELPHIA
284207,GR,18.21799,992,1199,Chain53,KANSAS CITY
284218,GR,16.76099,621,1368,Chain95,HOUSTON
284325,GR,21.254,999,9998,Chain79,PORTLAND
284489,GR,6.253998,795,9998,Chain35,KNOXVILLE
284497,GR,25.36099,518,9998,Chain119,SEATTLE
284532,GR,32.38898,435,9998,Chain43,CLEVELAND
284586,GR,28.89499,891,9998,Chain114,BOSTON
284705,GR,30.23799,774,9998,Chain124,LOS ANGELES
284767,GR,17.13799,435,1244,Chain10,DETROIT
284933,GR,29.76299,487,9998,Chain40,PHILADELPHIA
284950,GR,44.185,435,9998,Chain75,GRAND RAPIDS
284978,GR,10.713,1124,1140,Chain76,DALLAS
285022,GR,9.821999,659,9998,Chain36,RICHMOND
285252,GR,27.30099,659,9998,Chain4,WEST TEX
285427,GR,13.473,882,9998,Chain35,RALEIGH
285430,GR,31.006,552,9998,Chain97,MINNEAPOLIS
285538,GR,19.21899,964,1190,Chain128,DALLAS
285552,GR,7.514999,1034,1169,Chain102,TULSA
285608,GR,30.98999,628,9998,Chain5,SAN DIEGO
285612,GR,16.76099,435,1368,Chain95,HOUSTON
285685,GR,9.223,842,1314,Chain126,BIRMINGHAM
285739,GR,38.47498,537,1219,Chain59,INDIANAPOLIS
285895,GR,22.91299,706,9998,Chain69,ATLANTA
285948,GR,14.87299,435,1289,Chain125,NEW ORLEANS
285993,GR,21.93999,549,9998,Chain94,SAN DIEGO
285995,GR,40.60699,435,1141,Chain115,INDIANAPOLIS
286120,GR,19.771,435,1310,Chain62,ROANOKE
286151,GR,16.605,761,9998,Chain70,KNOXVILLE
286192,GR,19.21899,435,1190,Chain128,DALLAS
286268,GR,12.09399,934,1364,Chain20,BIRMINGHAM
286394,GR,20.198,547,9998,Chain94,LOS ANGELES
286395,GR,19.68799,435,9998,Chain62,ROANOKE
286605,GR,18.711,908,9998,Chain10,WASHINGTON
286680,GR,22.85599,435,9998,Chain117,SAN FRANCISCO
286681,GR,13.384,780,9998,Chain5,SAN DIEGO
286683,GR,8.735992,527,9998,Chain118,WEST TEX
286714,GR,7.514999,704,1170,Chain102,WEST TEX
286723,GR,32.66498,452,9998,Chain37,PHOENIX
286742,GR,20.711,739,1199,Chain5,LOS ANGELES
286746,GR,18.299,1018,1419,Chain13,OMAHA
286783,GR,18.81599,435,9998,Chain117,SAN FRANCISCO
286792,GR,17.118,608,1402,Chain4,PHOENIX
286921,GR,16.11299,701,9998,Chain87,BUFFALO
286934,GR,21.7,439,9998,Chain44,WASHINGTON
286951,GR,59.50998,826,9998,Chain134,NEW YORK
287014,GR,8.495995,725,9998,Chain35,CHARLOTTE
287045,GR,37.20297,435,1270,Chain79,PORTLAND
287047,GR,13.216,691,9998,Chain29,KANSAS CITY
287086,GR,19.21899,792,9998,Chain84,KANSAS CITY
287156,GR,31.741,720,9998,Chain124,LOS ANGELES
287201,GR,26.864,842,1329,Chain69,SOUTH CAROLINA
287202,GR,30.15799,729,9998,Chain134,NEW YORK
287207,GR,27.39299,807,9998,Chain53,OMAHA
287236,GR,12.31699,435,9998,Chain78,INDIANAPOLIS
287280,GR,23.799,435,9998,Chain107,BOSTON
287302,GR,10.578,666,9998,Chain31,CHICAGO
287327,GR,23.07399,1148,1324,Chain12,HARRISBURG
287422,GR,52.396,435,1409,Chain132,SYRACUSE
287431,GR,6.778,659,9998,Chain6,OKLAHOMA CITY
287445,GR,11.63799,551,9998,Chain35,RICHMOND
287504,GR,14.921,435,1290,Chain42,MILWAUKEE
287510,GR,16.62199,439,9998,Chain44,WASHINGTON
287530,GR,24.75699,435,1209,Chain89,NEW YORK
287882,GR,10.05199,1156,1169,Chain81,OMAHA
287897,GR,22.31799,435,9998,Chain79,PORTLAND
287947,GR,35.91498,1024,9998,Chain10,HARTFORD
287980,GR,18.97198,793,9998,Chain11,KANSAS CITY
288043,GR,28.53499,435,9998,Chain79,PORTLAND
288056,GR,31.467,435,9998,Chain37,PHOENIX
288066,GR,42.31897,438,9998,Chain65,NEW YORK
288075,GR,27.01199,514,9998,Chain124,SAN DIEGO
288106,GR,17.73399,873,1215,Chain124,LOS ANGELES
288115,GR,22.46199,544,1277,Chain94,SAN DIEGO
288146,GR,19.21899,922,1329,Chain137,PORTLAND
288147,GR,12.90199,704,9998,Chain76,DALLAS
288160,GR,17.118,435,1241,Chain4,SPOKANE
288167,GR,26.07599,435,9998,Chain37,PHOENIX
288187,GR,19.21899,1058,1114,Chain28,NEW ORLEANS
288187,GR,12.09399,1120,1334,Chain20,NEW ORLEANS
288200,GR,12.377,435,1140,Chain14,PHOENIX
288211,GR,15.728,1121,9998,Chain65,NEW YORK
288222,GR,18.56699,435,9998,Chain98,SACRAMENTO
288310,GR,19.21899,435,1123,Chain45,NEW YORK
288361,GR,40.60699,435,1141,Chain115,INDIANAPOLIS
288392,GR,5.203999,902,1400,Chain3,SEATTLE
288423,GR,23.575,439,9998,Chain44,WASHINGTON
288489,GR,25.62999,435,9998,Chain43,CLEVELAND
288527,GR,11.987,659,9998,Chain6,TULSA
288785,GR,24.13899,435,9998,Chain34,HOUSTON
288851,GR,18.49199,488,1330,Chain104,SACRAMENTO
288855,GR,10.284,611,9998,Chain35,RICHMOND
288870,GR,40.211,908,1198,Chain79,SEATTLE
288943,GR,35.99298,750,9998,Chain134,NEW YORK
288998,GR,15.619,435,9998,Chain13,OMAHA
289079,GR,31.10899,1117,1249,Chain114,NEW YORK
289270,GR,19.21899,456,1145,Chain39,WEST TEX
289400,GR,19.21899,710,1189,Chain128,DALLAS
289660,GR,19.55899,654,9998,Chain10,NEW YORK
289821,GR,14.889,1067,9998,Chain4,PORTLAND
290041,GR,22.271,435,1197,Chain105,ST. LOUIS
290053,GR,18.72198,1072,9998,Chain124,LOS ANGELES
290102,GR,14.632,659,1305,Chain6,DALLAS
290112,GR,14.87299,824,1333,Chain125,MISSISSIPPI
290421,GR,17.13799,682,1150,Chain10,NEW YORK
290466,GR,20.711,435,1330,Chain5,LOS ANGELES
290477,GR,21.18799,1104,9998,Chain37,PHOENIX
290528,GR,18.47699,1027,9998,Chain62,RALEIGH
290625,GR,35.284,435,9998,Chain98,SACRAMENTO
290683,GR,11.28,919,1255,Chain16,CHARLOTTE
290774,GR,10.28699,556,1402,Chain35,WASHINGTON
290894,GR,5.633999,1031,9998,Chain54,ATLANTA
290929,GR,45.133,435,9998,Chain117,SAN FRANCISCO
290942,GR,23.15599,1104,9998,Chain37,PHOENIX
290944,GR,8.435997,554,9998,Chain16,SOUTH CAROLINA
290949,GR,42.80197,435,9998,Chain117,SAN FRANCISCO
290958,GR,19.21899,435,1243,Chain106,TOLEDO
291001,GR,36.36398,435,1240,Chain107,NEW ENGLAND
291044,GR,34.24698,435,1198,Chain79,SEATTLE
291052,GR,38.42398,984,1158,Chain52,CHARLOTTE
291097,GR,19.924,706,1423,Chain122,CLEVELAND
291169,GR,12.918,435,9998,Chain117,SAN FRANCISCO
291276,GR,28.452,435,9998,Chain105,ST. LOUIS
291277,GR,10.634,932,9998,Chain34,HOUSTON
291278,GR,62.202,435,1203,Chain75,DETROIT
291349,GR,13.42899,512,9998,Chain124,SAN DIEGO
291350,GR,19.21899,807,9998,Chain84,KANSAS CITY
291356,GR,18.545,780,1208,Chain7,SACRAMENTO
291506,GR,76.63696,536,1193,Chain134,NEW YORK
291529,GR,16.76099,435,1195,Chain95,HOUSTON
291530,GR,20.97499,435,1290,Chain94,SAN DIEGO
291665,GR,21.34599,438,1420,Chain124,LOS ANGELES
291741,GR,16.00499,439,9998,Chain44,WASHINGTON
291760,GR,17.13799,435,1170,Chain10,NEW YORK
291792,GR,35.24197,1103,9998,Chain37,PHOENIX
291808,GR,11.28,824,1331,Chain16,KNOXVILLE
291872,GR,21.53299,890,9998,Chain89,NEW YORK
291879,GR,19.21899,842,1233,Chain18,MINNEAPOLIS
291900,GR,13.626,908,9998,Chain44,WASHINGTON
292173,GR,21.599,751,9998,Chain43,CLEVELAND
292273,GR,19.21899,833,1145,Chain39,WEST TEX
292476,GR,11.57999,1048,9998,Chain4,LOS ANGELES
292513,GR,34.51599,1034,9998,Chain62,ROANOKE
292533,GR,19.21899,663,1231,Chain106,TOLEDO
292593,GR,30.19199,435,9998,Chain114,BOSTON
292624,GR,13.403,498,9998,Chain5,LOS ANGELES
292761,GR,14.632,553,1304,Chain6,OMAHA
292786,GR,10.05199,529,1122,Chain81,DES MOINES
292788,GR,15.65199,1124,9998,Chain101,WASHINGTON
292814,GR,34.40698,435,1233,Chain107,NEW ENGLAND
292921,GR,13.889,534,9998,Chain16,CHARLOTTE
293018,GR,15.756,761,1415,Chain70,KNOXVILLE
293063,GR,22.282,780,9998,Chain7,SACRAMENTO
293111,GR,12.69399,761,1355,Chain127,MISSISSIPPI
293225,GR,18.00899,733,9998,Chain49,HOUSTON
293283,GR,62.25198,842,9998,Chain89,NEW YORK
293336,GR,25.627,562,9998,Chain97,MILWAUKEE
293375,GR,18.56799,496,9998,Chain35,RALEIGH
293601,GR,18.545,435,1404,Chain7,SAN FRANCISCO
293752,GR,11.709,880,1197,Chain124,SAN DIEGO
293843,GR,7.988998,824,9998,Chain112,GRAND RAPIDS
293897,GR,12.769,514,1208,Chain124,SAN DIEGO
294045,GR,38.20599,439,9998,Chain44,WASHINGTON
294123,GR,24.24699,833,1408,Chain105,ST. LOUIS
294148,GR,14.632,659,1128,Chain6,OKLAHOMA CITY
294261,GR,12.216,842,9998,Chain11,KANSAS CITY
294373,GR,24.80199,906,1282,Chain63,HOUSTON
294443,GR,19.78499,518,1133,Chain119,SEATTLE
294470,GR,21.34599,435,1159,Chain124,SAN DIEGO
294613,GR,18.87099,469,9998,Chain123,RICHMOND
294648,GR,14.757,904,9998,Chain16,SOUTH CAROLINA
294680,GR,14.47199,435,1371,Chain8,SEATTLE
294759,GR,20.711,435,1197,Chain5,LOS ANGELES
294762,GR,21.34599,438,1215,Chain124,LOS ANGELES
294786,GR,20.86499,435,9998,Chain101,WASHINGTON
294818,GR,10.073,567,9998,Chain127,BIRMINGHAM
294886,GR,17.118,435,1409,Chain4,PORTLAND
295050,GR,19.21899,443,1219,Chain46,SYRACUSE
295058,GR,21.34599,566,1119,Chain124,LOS ANGELES
295059,GR,40.60699,435,1351,Chain115,MINNEAPOLIS
295069,GR,7.988998,435,9998,Chain112,GRAND RAPIDS
295127,GR,17.90399,873,9998,Chain124,LOS ANGELES
295128,GR,12.98599,1059,1334,Chain4,LOS ANGELES
400003,GR,33.76599,636,9998,Chain103,ST. LOUIS
400016,GR,7.336998,995,9998,Chain91,SOUTH CAROLINA
400064,GR,17.94899,891,1120,Chain89,NEW YORK
400075,GR,13.418,660,9998,Chain6,DALLAS
410047,GR,17.42799,700,9998,Chain4,PHOENIX
410070,GR,17.13799,1119,1356,Chain10,NEW ORLEANS
410914,GR,25.627,870,1344,Chain97,MILWAUKEE
412498,GR,14.311,657,9998,Chain49,HOUSTON
414318,GR,45.36099,730,1295,Chain134,PHILADELPHIA
414913,GR,12.31699,817,9998,Chain78,INDIANAPOLIS
415288,GR,22.69099,846,9998,Chain94,SAN DIEGO
451327,GR,13.127,1123,9998,Chain24,DALLAS
451829,GR,37.20297,1031,1290,Chain79,SALT LAKE CITY
452539,GR,39.87799,809,9998,Chain53,KANSAS CITY
452751,GR,19.924,717,1423,Chain122,CLEVELAND
453618,GR,28.297,795,9998,Chain105,PEORIA
454546,GR,14.725,670,9998,Chain6,DALLAS
454651,GR,14.632,795,1402,Chain6,OKLAHOMA CITY
532639,GR,36.42599,682,9998,Chain103,ST. LOUIS
532676,GR,22.92499,662,9998,Chain122,BUFFALO
532716,GR,19.21899,842,1348,Chain129,RICHMOND
532733,GR,26.084,699,1322,Chain90,SOUTH CAROLINA
532748,GR,21.88199,850,1214,Chain47,SEATTLE
532828,GR,44.767,658,9998,Chain122,BUFFALO
532840,GR,34.92899,770,9998,Chain132,BUFFALO
532874,GR,18.68399,671,9998,Chain4,LOS ANGELES
532878,GR,21.41699,966,9998,Chain4,LOS ANGELES
532925,GR,25.627,1050,1329,Chain97,GREEN BAY
532933,GR,18.46199,1010,1269,Chain50,SYRACUSE
533052,GR,19.21899,922,1329,Chain137,PORTLAND
533067,GR,30.36899,700,9998,Chain4,PHOENIX
533356,GR,29.87999,983,9998,Chain53,DES MOINES
533433,GR,24.76299,793,9998,Chain98,SACRAMENTO
533462,GR,13.792,660,9998,Chain54,ATLANTA
533482,GR,18.41599,819,9998,Chain6,NEW ORLEANS
533529,GR,10.048,1120,9998,Chain54,RALEIGH
533535,GR,17.25699,843,1430,Chain73,RALEIGH
533549,GR,23.49899,908,1141,Chain52,SOUTH CAROLINA
533583,GR,19.21899,754,1256,Chain71,PEORIA
533691,GR,11.28,862,1164,Chain16,CHARLOTTE
533848,GR,11.014,659,9998,Chain54,CHARLOTTE
533862,GR,25.461,807,9998,Chain53,KANSAS CITY
533864,GR,28.808,655,1423,Chain105,ST. LOUIS
534005,GR,9.804993,696,9998,Chain54,KNOXVILLE
534020,GR,19.14299,788,9998,Chain60,MISSISSIPPI
534075,GR,40.60699,891,9998,Chain115,MINNEAPOLIS
534239,GR,31.96899,933,9998,Chain15,HARTFORD
534287,GR,26.769,895,1427,Chain117,SACRAMENTO
534425,GR,28.27199,789,9998,Chain11,KANSAS CITY
534466,GR,9.829994,460,9998,Chain35,CHARLOTTE
534468,GR,15.168,806,9998,Chain35,RALEIGH
534868,GR,41.26999,680,1253,Chain49,HOUSTON
535000,GR,8.993996,798,9998,Chain91,SOUTH CAROLINA
535028,GR,26.769,857,1204,Chain117,SACRAMENTO
535065,GR,25.54599,947,9998,Chain89,NEW YORK
535091,GR,32.56299,830,9998,Chain94,SAN FRANCISCO
535183,GR,10.28699,951,1429,Chain35,WASHINGTON
535279,GR,22.183,908,9998,Chain5,LOS ANGELES
535296,GR,19.21899,1071,1355,Chain131,CHARLOTTE
535328,GR,35.45697,967,9998,Chain37,PHOENIX
535359,GR,28.66599,807,9998,Chain53,KANSAS CITY
535552,GR,19.51799,1145,9998,Chain4,SPOKANE
535679,GR,37.724,1050,9998,Chain117,SAN FRANCISCO
535806,GR,10.68999,842,9998,Chain125,MISSISSIPPI
535857,GR,20.562,908,9998,Chain49,HOUSTON
535890,GR,29.88899,1119,1119,Chain114,NEW YORK
535915,GR,31.60799,842,1230,Chain107,NEW ENGLAND
535916,GR,30.37,806,9998,Chain107,NEW ENGLAND
535947,GR,19.09999,783,9998,Chain90,ATLANTA
536021,GR,26.46199,1099,9998,Chain125,NEW ORLEANS
536067,GR,61.18597,716,9998,Chain134,NEW YORK
536166,GR,40.60699,998,1417,Chain115,CHICAGO
536281,GR,10.28699,819,1168,Chain35,ROANOKE
536494,GR,14.377,661,1123,Chain54,SOUTH CAROLINA
536529,GR,39.11298,891,9998,Chain53,DES MOINES
537040,GR,7.988998,705,9998,Chain112,GRAND RAPIDS
537194,GR,41.26999,733,1313,Chain49,HOUSTON
540023,GR,10.28699,795,1402,Chain35,WASHINGTON
581736,DR,3.743999,1101,9998,Chain136,DETROIT
623652,DR,2.448,976,9998,Chain136,DALLAS
635455,GR,39.51199,1162,9998,Chain124,SAN DIEGO
640764,DR,2.271,908,9998,Chain99,NEW YORK
641064,DR,0.331,1058,9998,Chain99,ROANOKE
641182,DR,0.856,1001,9998,Chain99,BUFFALO
641288,DR,0.98,979,9998,Chain99,BIRMINGHAM
641898,DR,0.65,1118,9998,Chain33,RICHMOND
641917,DR,2.148998,1027,9998,Chain33,RICHMOND
642009,DR,1.025999,1045,9998,Chain25,SOUTH CAROLINA
642017,DR,1.009999,1045,9998,Chain25,SOUTH CAROLINA
642096,DR,0.945,584,9998,Chain25,ROANOKE
642166,DR,2.016998,731,9998,NONE,PITTSFIELD
642255,GR,19.21899,795,1123,Chain45,HARRISBURG
642273,DR,2.478998,797,9998,Chain86,LOS ANGELES
642463,GR,21.59,1053,1402,Chain125,NEW ORLEANS
642511,DR,3.282,829,9998,Chain25,BOSTON
642572,DR,2.011999,764,1360,Chain25,BOSTON
642651,DR,2.646999,764,9998,Chain25,PHILADELPHIA
642652,DR,4.095997,764,9998,Chain25,NEW YORK
642655,DR,1.492999,764,9998,Chain25,NEW ENGLAND
642674,DR,4.190998,740,9998,Chain136,WEST TEX
642687,DR,3.300999,764,9998,Chain25,BOSTON
642764,DR,2.553999,834,9998,Chain25,WASHINGTON
642855,DR,1.492,829,1181,Chain25,WASHINGTON
642893,DR,2.011999,1093,1114,Chain25,NEW YORK
643178,DR,3.207998,894,9998,Chain86,SALT LAKE CITY
643191,GR,22.25299,795,9998,Chain94,SAN FRANCISCO
643259,DR,2.146999,779,1364,Chain86,LOS ANGELES
643282,DR,1.797,1066,9998,Chain25,SOUTH CAROLINA
643491,DR,0.983,948,9998,Chain33,HARRISBURG
643510,DR,0.643,1027,9998,Chain33,PHILADELPHIA
643543,DR,1.252,1027,1214,Chain33,PHILADELPHIA
643654,GR,19.21899,742,1197,Chain19,HOUSTON
643793,GR,8.993996,995,9998,Chain91,SOUTH CAROLINA
644347,GR,11.744,997,9998,Chain127,BIRMINGHAM
644445,GR,19.924,754,1423,Chain122,CLEVELAND
644492,GR,4.586998,1122,1271,Chain17,DALLAS
644710,DR,1.771999,861,9998,Chain25,WASHINGTON
644863,DR,2.011999,1159,1225,Chain25,CHICAGO
644905,DR,1.514999,1027,9998,Chain25,DALLAS
644937,GR,16.16199,921,9998,Chain5,LOS ANGELES
644944,GR,31.10899,1119,1119,Chain114,NEW YORK
645007,GR,27.48,1027,9998,Chain62,RALEIGH
645010,GR,26.85399,1119,1200,Chain40,HARRISBURG
645028,GR,25.737,811,9998,Chain107,PROVIDENCE
645029,GR,31.903,929,1230,Chain107,PROVIDENCE
645054,GR,9.534996,819,9998,Chain35,RALEIGH
645168,DR,1.747999,883,9998,Chain25,INDIANAPOLIS
645260,DR,4.837997,823,9998,Chain136,CHICAGO
645261,DR,2.914999,820,9998,Chain136,CHICAGO
645325,GR,27.90099,1031,9998,Chain94,LOS ANGELES
645332,DR,0.119,759,1208,Chain80,HOUSTON
645430,GR,16.185,1030,9998,Chain125,NEW ORLEANS
645501,GR,13.855,764,9998,Chain90,ATLANTA
645502,GR,27.995,764,9998,Chain90,ATLANTA
645511,GR,25.71899,765,9998,Chain53,KANSAS CITY
645514,GR,29.75699,768,9998,Chain89,NEW YORK
646857,GR,40.42297,828,9998,Chain75,TOLEDO
647439,GR,19.21899,818,1158,Chain23,ATLANTA
647451,GR,19.21899,1075,1115,Chain28,NEW ORLEANS
647512,GR,46.711,882,9998,Chain75,INDIANAPOLIS
647540,DR,0.559,974,9998,Chain99,BIRMINGHAM
647543,DR,2.275,974,9998,Chain99,NEW ORLEANS
647591,DR,3.297998,863,1216,Chain136,SACRAMENTO
647623,DR,2.849998,863,9998,Chain136,BOSTON
647779,GR,7.841999,891,9998,Chain127,BIRMINGHAM
647824,GR,26.76199,795,9998,Chain50,NEW ENGLAND
647836,GR,22.37599,811,9998,Chain90,ATLANTA
647840,GR,22.98399,935,9998,Chain90,ATLANTA
647895,GR,50.28198,795,9998,Chain85,NEW ENGLAND
647906,GR,47.737,985,9998,Chain132,BUFFALO
647929,DR,1.252,1027,1350,Chain33,SOUTH CAROLINA
648019,GR,11.558,902,9998,Chain4,PHOENIX
648035,GR,9.223,946,1355,Chain126,ATLANTA
648074,GR,15.341,1027,1245,Chain62,RALEIGH
648091,GR,15.547,1141,9998,Chain69,SOUTH CAROLINA
648171,DR,2.011999,1027,1306,Chain25,DALLAS
648235,GR,55.94598,898,9998,Chain75,DETROIT
648368,GR,18.153,833,9998,Chain105,ST. LOUIS
648459,GR,39.20297,882,9998,Chain75,TOLEDO
648570,GR,33.01099,857,9998,Chain63,HOUSTON
648619,DR,2.293999,982,9998,Chain25,BIRMINGHAM
648621,DR,1.337999,1045,9998,Chain25,BIRMINGHAM
648684,GR,19.21899,804,1355,Chain131,RALEIGH
648719,GR,34.73199,917,9998,Chain94,LOS ANGELES
648761,GR,47.05499,1103,9998,Chain37,PHOENIX
648764,GR,51.02798,792,9998,Chain114,PITTSFIELD
648768,GR,17.487,802,9998,Chain90,ATLANTA
648850,GR,31.185,837,9998,Chain94,LOS ANGELES
649190,GR,34.05399,818,9998,Chain114,PROVIDENCE
649204,DR,2.192999,1001,1263,Chain26,DETROIT
649253,GR,19.21899,1165,1355,Chain131,RALEIGH
649262,DR,0.119,809,1324,Chain80,SPOKANE
649359,GR,19.21899,842,1333,Chain129,RICHMOND
649405,GR,77.08197,804,9998,Chain115,MINNEAPOLIS
649460,GR,18.80399,811,9998,Chain90,ATLANTA
649468,DR,2.192999,1162,1185,Chain88,RALEIGH
649471,GR,11.13599,831,9998,Chain73,RALEIGH
649502,GR,21.34299,842,9998,Chain11,KANSAS CITY
649699,DR,0.776,1139,1201,Chain99,PHILADELPHIA
649792,DR,3.667,969,9998,Chain136,SAN FRANCISCO
649831,DR,5.218998,863,9998,Chain136,TULSA
649854,DR,2.449999,820,9998,Chain136,CHICAGO
649860,DR,2.056999,863,9998,Chain136,NEW ORLEANS
649865,DR,2.567999,820,9998,Chain136,BOSTON
649931,DR,1.844999,969,9998,Chain136,CLEVELAND
649939,DR,3.382,969,9998,Chain136,KNOXVILLE
650049,DR,2.403999,976,9998,Chain99,NEW ORLEANS
650052,DR,1.250999,829,9998,Chain25,HARRISBURG
650078,DR,1.252,1027,1271,Chain33,ATLANTA
650111,DR,2.011999,1027,1350,Chain25,HOUSTON
650214,DR,1.033,973,9998,Chain25,OKLAHOMA CITY
650235,DR,1.429999,1027,9998,Chain25,NEW ORLEANS
650536,GR,39.375,810,9998,Chain115,MINNEAPOLIS
650679,DR,2.483,1042,9998,NONE,PITTSFIELD
650756,GR,25.61899,915,9998,Chain52,CHARLOTTE
650811,GR,30.61699,867,9998,Chain114,PROVIDENCE
650878,GR,19.87599,877,9998,Chain37,PHOENIX
651189,GR,26.084,842,1410,Chain90,ATLANTA
651411,GR,12.785,889,9998,Chain125,NEW ORLEANS
651423,GR,23.49899,908,1141,Chain52,SOUTH CAROLINA
651444,DR,5.163998,823,9998,Chain136,EAU CLAIRE
651520,GR,25.78099,842,9998,Chain90,SOUTH CAROLINA
651548,GR,18.56499,935,9998,Chain78,INDIANAPOLIS
651600,GR,16.12999,1007,9998,Chain53,OMAHA
651747,GR,36.55698,1038,9998,Chain79,SPOKANE
652153,GR,14.632,887,1170,Chain6,OMAHA
652159,GR,85.61298,825,9998,Chain85,PITTSFIELD
652190,DR,0.864,1139,9998,Chain99,PHILADELPHIA
652235,GR,15.67599,1119,1119,Chain114,NEW YORK
652242,GR,25.24699,908,9998,Chain44,PHILADELPHIA
652371,DR,2.205999,935,1314,Chain33,NEW YORK
652373,DR,1.671,935,9998,Chain33,NEW YORK
652518,DR,5.846996,908,9998,Chain136,ST. LOUIS
652613,DR,4.23,863,9998,Chain136,PHOENIX
652626,GR,26.85399,895,1417,Chain40,HARRISBURG
652727,GR,14.446,994,9998,Chain127,NEW ORLEANS
652877,GR,14.765,846,9998,Chain53,DES MOINES
652886,GR,36.97498,846,9998,Chain24,DALLAS
652916,GR,26.09399,1158,9998,Chain47,SEATTLE
652923,GR,35.52798,983,1199,Chain53,KANSAS CITY
653316,GR,14.632,873,1179,Chain6,HOUSTON
653366,GR,14.228,1130,9998,Chain70,ROANOKE
653369,GR,25.46799,846,9998,Chain69,ATLANTA
653408,DR,1.2,934,9998,Chain99,DETROIT
653426,GR,12.69399,1003,1353,Chain127,BIRMINGHAM
653478,GR,11.28,880,1242,Chain16,RALEIGH
653631,DR,2.477999,863,1204,Chain136,PROVIDENCE
653637,DR,2.936998,871,9998,Chain136,INDIANAPOLIS
653776,GR,50.67398,954,9998,NONE,EAU CLAIRE
653781,DR,0.845,958,9998,Chain33,RALEIGH
653785,DR,2.011999,1018,1168,Chain25,DETROIT
653788,DR,4.260998,960,9998,Chain33,RALEIGH
653842,GR,14.632,898,1181,Chain6,HOUSTON
653843,GR,14.632,898,1178,Chain6,HOUSTON
653844,GR,13.38799,1146,9998,Chain8,SALT LAKE CITY
653896,DR,2.978998,987,9998,Chain33,NEW YORK
654145,GR,18.547,1076,9998,Chain53,KANSAS CITY
654178,DR,0.485,992,9998,Chain77,BOSTON
654179,DR,0.258,588,9998,Chain77,CHICAGO
654361,GR,37.20297,992,1215,Chain79,SALT LAKE CITY
654449,GR,14.632,898,1181,Chain6,HOUSTON
654483,DR,1.485,922,9998,Chain99,NEW YORK
654486,GR,71.80298,1031,9998,Chain134,PHILADELPHIA
654583,GR,19.21899,1142,1353,Chain131,CHARLOTTE
654601,DR,3.271999,901,9998,Chain25,NEW YORK
654637,DR,2.011999,1045,1174,Chain25,TOLEDO
654982,GR,28.724,871,9998,Chain90,ATLANTA
655064,GR,24.86699,1157,1233,Chain73,CHARLOTTE
655125,DR,3.23,1159,1428,Chain25,MILWAUKEE
655563,GR,20.56898,895,9998,Chain10,PHILADELPHIA
655815,DR,2.192999,887,1354,Chain48,NEW YORK
655845,DR,2.983,883,9998,Chain99,NEW YORK
655950,GR,30.185,1075,9998,Chain92,SEATTLE
655958,DR,2.345999,969,9998,Chain136,DALLAS
655979,GR,2.949999,1161,1168,Chain51,SOUTH CAROLINA
656082,GR,15.114,1119,9998,Chain10,HARRISBURG
656156,DR,2.192999,976,1128,Chain26,PHILADELPHIA
656422,GR,8.765999,1140,1434,Chain10,WASHINGTON
656426,GR,16.911,996,9998,Chain94,LOS ANGELES
656442,GR,14.632,1119,1294,Chain6,NEW ORLEANS
656444,GR,13.77699,1031,9998,Chain8,SEATTLE
656534,GR,19.028,1027,9998,Chain62,RALEIGH
656680,GR,17.34799,1128,1334,Chain54,SOUTH CAROLINA
656731,DR,0.789,894,9998,Chain33,CHARLOTTE
656899,DR,3.945999,932,9998,Chain25,NEW YORK
656901,DR,1.421,923,9998,Chain99,NEW ENGLAND
656952,DR,2.776999,935,9998,Chain33,NEW YORK
656987,GR,28.59599,949,9998,Chain53,OMAHA
657004,GR,86.06,895,9998,Chain49,WEST TEX
657036,DR,3.523998,981,9998,Chain136,PHOENIX
657046,DR,2.209,932,9998,Chain25,ATLANTA
657083,DR,1.165,902,9998,Chain99,WASHINGTON
657280,GR,37.76599,1007,9998,Chain53,OMAHA
657831,GR,32.642,1010,9998,Chain50,NEW ENGLAND
657857,GR,4.716999,1035,9998,Chain102,TULSA
657947,DR,0.986,1044,9998,Chain21,NEW YORK
657979,GR,80.85394,898,9998,Chain114,BOSTON
657981,GR,8.122993,1129,1157,Chain135,SOUTH CAROLINA
658219,GR,37.64798,997,9998,Chain101,WASHINGTON
658223,DR,4.223,1017,9998,Chain136,CHICAGO
658229,DR,2.865,966,9998,Chain136,PHOENIX
658234,GR,25.31599,905,1230,Chain123,RICHMOND
658239,GR,30.54199,988,9998,Chain9,PHILADELPHIA
658258,GR,12.127,954,9998,Chain6,OKLAHOMA CITY
658268,DR,1.297,1027,1323,Chain33,SOUTH CAROLINA
658459,GR,19.19299,1115,9998,Chain40,HARRISBURG
658561,DR,2.654999,969,9998,Chain136,CHICAGO
659126,GR,25.627,1163,1311,Chain97,GRAND RAPIDS
659581,DR,2.011999,1159,1206,Chain25,CHICAGO
659827,GR,17.30399,988,9998,Chain116,ST. LOUIS
660217,DR,4.820999,923,9998,Chain136,HOUSTON
660222,GR,30.46199,1048,9998,Chain4,LOS ANGELES
661051,GR,19.21899,1120,1329,Chain129,ROANOKE
661108,DR,0.258,1131,1340,Chain77,SAN DIEGO
662338,DR,2.728998,1016,9998,Chain38,NEW YORK
663007,DR,3.997,976,9998,Chain136,DALLAS
663149,DR,0.119,1093,1256,Chain80,PHOENIX
664430,DR,3.139999,1018,9998,Chain25,DETROIT
664450,DR,2.540998,1018,1181,Chain25,DETROIT
664456,DR,2.375999,1018,9998,Chain25,DETROIT
664475,DR,3.58,1018,9998,Chain25,DETROIT
664497,DR,2.011999,1018,1168,Chain25,DETROIT
665105,DR,0.171,1044,9998,Chain93,NEW ORLEANS
666144,DR,0.333,1131,9998,Chain77,WEST TEX
666206,GR,20.60399,1122,1233,Chain133,WASHINGTON
667236,DR,0.094,1007,9998,Chain93,MISSISSIPPI
668871,GR,36.04797,1037,9998,Chain114,BOSTON
669507,GR,18.40099,1012,1219,Chain4,SPOKANE
669839,DR,1.598,1034,9998,Chain33,NEW YORK
669876,GR,9.223,1065,1355,Chain126,ATLANTA
669901,GR,26.931,1039,1233,Chain98,SAN FRANCISCO
670735,GR,23.87599,1050,1269,Chain34,DALLAS
670858,GR,19.78299,1031,9998,Chain4,LOS ANGELES
670940,DR,6.059998,954,9998,Chain25,BOSTON
671152,DR,5.663998,1159,1205,Chain25,MILWAUKEE
671367,GR,23.66199,996,9998,Chain9,PHILADELPHIA
671460,DR,0.693,1014,9998,Chain99,TOLEDO
671543,GR,31.314,1144,9998,Chain94,SAN DIEGO
671688,DR,0.837,1045,9998,Chain33,CHARLOTTE
671716,GR,12.69399,997,1355,Chain127,BIRMINGHAM
672842,GR,19.21899,991,1208,Chain129,RICHMOND
672957,GR,5.342999,1128,9998,Chain35,KNOXVILLE
673010,GR,19.21899,1142,1190,Chain128,DALLAS
673056,DR,1.237,966,9998,Chain25,DALLAS
673058,DR,0.988,966,9998,Chain77,DES MOINES
673085,GR,12.577,1122,9998,Chain35,WASHINGTON
673313,GR,20.711,1075,1127,Chain5,WEST TEX
673335,GR,20.758,1157,1233,Chain73,RALEIGH
673487,DR,0.96,1045,9998,Chain25,ATLANTA
673535,DR,0.98,984,9998,Chain99,TOLEDO
675133,DR,4.484997,1101,9998,Chain136,CHICAGO
675301,DR,2.650999,1085,9998,Chain136,DETROIT
675513,DR,2.706999,1001,9998,Chain136,CHICAGO
675647,GR,14.632,995,1179,Chain6,HOUSTON
679672,DR,3.126999,1099,9998,Chain136,ST. LOUIS
679675,GR,6.135998,1165,1220,Chain116,MINNEAPOLIS
679738,DR,3.421999,1085,9998,Chain136,GREEN BAY
680680,DR,2.310999,1014,9998,Chain99,CLEVELAND
680690,DR,1.275,1099,9998,Chain99,GRAND RAPIDS
680784,GR,28.418,1120,9998,Chain63,HOUSTON
681825,DR,0.979,1125,1132,Chain99,MISSISSIPPI
681865,DR,2.184999,1049,9998,Chain136,MISSISSIPPI
683960,GR,27.90999,1061,9998,Chain69,ATLANTA
684022,GR,46.409,1054,1119,Chain114,NEW YORK
684023,GR,42.69897,1054,9998,Chain114,NEW YORK
684049,GR,19.21899,1142,1353,Chain130,SOUTH CAROLINA
684127,DR,6.772999,1045,9998,Chain136,MINNEAPOLIS
684225,DR,1.384,1045,9998,Chain25,SOUTH CAROLINA
684371,GR,23.849,1119,1119,Chain114,NEW YORK
685792,DR,2.202999,1044,9998,Chain33,RALEIGH
686037,GR,13.938,1087,1240,Chain133,WASHINGTON
687183,GR,15.60699,1142,9998,Chain100,PHOENIX
687415,DR,0.119,1070,1279,Chain80,GRAND RAPIDS
687480,DR,3.337,1069,9998,Chain136,HOUSTON
687922,GR,40.60699,1138,1258,Chain115,GREEN BAY
687960,GR,7.405998,1129,9998,Chain135,SOUTH CAROLINA
687964,GR,54.42697,1128,1339,Chain75,CHICAGO
688410,GR,35.60699,1119,1119,Chain114,NEW YORK
688559,GR,57.30798,1085,1178,Chain89,NEW YORK
689427,GR,14.506,1119,1119,Chain114,NEW YORK
689938,GR,26.66399,1162,9998,Chain52,CHARLOTTE
689969,GR,14.98299,1119,1401,Chain10,WASHINGTON
689970,GR,33.08197,1140,9998,Chain10,PHILADELPHIA
933690,GR,31.10899,435,1157,Chain114,BOSTON
933690,GR,48.64398,1165,9998,Chain114,BOSTON
1130081,GR,37.88397,1119,1276,Chain56,CHICAGO
1130084,GR,37.88397,435,1327,Chain56,PEORIA
1130087,GR,37.88397,700,1412,Chain56,PEORIA
1130089,GR,28.36899,500,9998,Chain56,CHICAGO
1130099,GR,38.34198,435,9998,Chain56,CHICAGO
1130111,GR,27.28299,496,9998,Chain56,CHICAGO
1130118,GR,37.88397,435,1191,Chain56,CHICAGO
1130121,GR,54.34198,435,9998,Chain56,CHICAGO
1130134,GR,29.84698,727,9998,Chain56,CHICAGO
1130144,GR,37.88397,700,1412,Chain56,PEORIA
1130154,GR,48.12698,939,9998,Chain56,CHICAGO
1130155,GR,54.13098,727,9998,Chain56,CHICAGO
1130159,GR,37.88397,435,1169,Chain56,CHICAGO
1130174,GR,40.02399,435,9998,Chain56,CHICAGO
1130219,GR,83.31396,683,9998,Chain56,CHICAGO
1130223,GR,22.946,435,9998,Chain56,CHICAGO
1130225,GR,39.98099,815,1190,Chain56,CHICAGO
1130250,GR,40.52698,727,9998,Chain56,CHICAGO
6001821,GR,28.77599,936,9998,Chain103,ST. LOUIS
7045545,DR,4.109997,1108,9998,Chain136,MILWAUKEE
8000025,DR,0.986,584,9998,Chain21,NEW YORK
8000095,DR,8.484993,779,9998,Chain86,LOS ANGELES
8000207,DR,5.682999,779,9998,Chain72,LOS ANGELES
8000227,DR,1.596999,584,9998,Chain99,WASHINGTON
8000371,DR,1.066,584,1404,Chain99,HARRISBURG
8000583,DR,1.714999,1042,9998,NONE,PITTSFIELD
8000609,DR,1.066,637,1328,Chain99,NEW YORK
8000822,DR,0.633,584,9998,Chain99,RICHMOND
8000872,DR,1.066,849,1312,Chain99,NEW YORK
8000923,DR,0.874,584,9998,Chain99,ROANOKE
8000949,DR,1.035,917,9998,Chain99,PHILADELPHIA
8000958,DR,1.066,584,1378,Chain99,PHILADELPHIA
8001060,DR,1.655999,638,9998,Chain99,WASHINGTON
8001477,DR,2.007,584,9998,Chain99,HARRISBURG
8001520,DR,2.192999,894,1157,Chain88,ROANOKE
8001655,DR,2.324999,849,9998,Chain99,NEW YORK
8001802,GR,21.495,1119,9998,Chain101,WASHINGTON
8001911,DR,1.712,584,9998,Chain99,WASHINGTON
8001932,DR,0.838,584,9998,Chain99,HARRISBURG
8002033,DR,1.066,908,1184,Chain99,RICHMOND
8002314,DR,0.945,1139,9998,Chain99,NEW YORK
8002323,DR,1.066,1122,1132,Chain99,HARTFORD
8002357,DR,1.469999,612,1179,Chain99,PHILADELPHIA
8002599,DR,1.087999,584,9998,Chain99,PHILADELPHIA
8002643,DR,2.521,883,9998,Chain99,BUFFALO
8002741,DR,0.119,737,1220,Chain80,NEW YORK
8002753,DR,1.405999,948,9998,Chain33,PHILADELPHIA
8002758,DR,0.81,948,9998,Chain33,PHILADELPHIA
8002807,DR,3.182999,584,9998,Chain86,LOS ANGELES
8002910,DR,8.037994,584,9998,Chain136,WEST TEX
8003042,DR,2.362,718,9998,NONE,PITTSFIELD
8003043,DR,3.254,721,9998,Chain25,PITTSFIELD
8003059,DR,1.761,722,9998,Chain25,PITTSFIELD
8003152,DR,5.700996,764,9998,Chain25,BOSTON
8003172,DR,4.025997,764,9998,Chain25,BOSTON
8003226,DR,5.514,574,1170,Chain83,BOSTON
8003227,DR,3.431,829,9998,Chain25,BOSTON
8003310,DR,5.514,574,1169,Chain83,BOSTON
8003588,DR,6.044998,839,9998,Chain25,BOSTON
8003697,DR,3.970999,764,9998,Chain25,BOSTON
8003710,DR,5.514,574,1172,Chain83,BOSTON
8003767,DR,4.651997,829,9998,Chain25,BOSTON
8004012,DR,3.268,764,9998,Chain25,PROVIDENCE
8004245,DR,5.514,574,1169,Chain83,NEW ENGLAND
8004374,DR,3.049,690,9998,Chain99,NEW ENGLAND
8004404,DR,2.821999,690,9998,Chain99,NEW ENGLAND
8004730,DR,0.277,861,1412,Chain38,HARTFORD
8004761,DR,5.785,829,9998,Chain25,HARTFORD
8004916,DR,3.287998,829,9998,Chain25,HARTFORD
8005146,DR,4.443996,673,9998,Chain33,NEW YORK
8005198,DR,0.251,1003,9998,Chain93,NEW YORK
8005336,DR,1.900999,935,9998,Chain33,NEW YORK
8005559,DR,1.967999,764,9998,Chain25,NEW YORK
8005646,DR,1.462999,997,9998,Chain93,NEW YORK
8005850,DR,0.986,584,9998,Chain21,NEW YORK
8005928,DR,0.986,584,9998,Chain21,NEW YORK
8005954,DR,0.233,794,1204,Chain93,NEW YORK
8006067,DR,2.799,829,9998,Chain25,PHILADELPHIA
8006352,DR,0.986,584,9998,Chain21,PHILADELPHIA
8006386,DR,0.986,584,9998,Chain21,NEW YORK
8006449,DR,2.192999,585,1204,Chain48,NEW YORK
8006470,DR,1.077,948,9998,Chain33,NEW YORK
8006520,DR,0.556,1086,9998,Chain93,NEW YORK
8007352,DR,3.290998,829,9998,Chain25,NEW YORK
8007478,DR,14.421,607,9998,Chain136,NEW YORK
8007527,DR,0.277,865,9998,Chain38,NEW YORK
8007576,DR,5.778999,764,9998,Chain25,NEW YORK
8007589,DR,1.717999,935,1252,Chain33,NEW YORK
8007637,DR,3.919998,638,9998,Chain33,NEW YORK
8008273,DR,4.207996,638,1220,Chain33,NEW YORK
8008408,DR,3.459999,982,9998,Chain33,NEW YORK
8008653,DR,4.150997,638,9998,Chain33,NEW YORK
8008736,DR,1.884,698,9998,Chain33,NEW YORK
8008877,DR,2.605999,829,9998,Chain25,NEW YORK
8009363,DR,1.094999,937,9998,Chain33,SYRACUSE
8009415,DR,0.832,937,9998,Chain33,SYRACUSE
8009492,DR,0.277,1059,1290,Chain38,SYRACUSE
8009495,DR,0.277,1131,1279,Chain38,SYRACUSE
8009679,DR,1.889999,829,9998,Chain25,BUFFALO
8009817,DR,1.636999,937,9998,Chain33,BUFFALO
8009970,DR,1.882999,937,9998,Chain33,BUFFALO
8010859,DR,0.277,1082,1187,Chain38,HARRISBURG
8010998,DR,1.113999,829,9998,Chain25,HARRISBURG
8011028,DR,1.424,583,9998,Chain25,HARRISBURG
8011038,DR,2.192999,830,1196,Chain88,HARRISBURG
8011069,DR,0.119,737,1220,Chain80,HARRISBURG
8011077,DR,2.011999,829,1374,Chain25,HARRISBURG
8011161,DR,0.233,825,9998,Chain93,HARRISBURG
8011200,DR,2.646999,863,9998,Chain25,HARRISBURG
8011253,DR,1.23,1104,9998,Chain25,HARRISBURG
8011326,DR,4.151997,607,9998,Chain136,BOSTON
8011405,DR,1.068,948,9998,Chain33,HARRISBURG
8011450,DR,3.049,764,9998,Chain25,HARRISBURG
8011642,DR,3.65,764,9998,Chain25,PHILADELPHIA
8011698,DR,1.047,1120,9998,Chain33,PHILADELPHIA
8011729,DR,2.192999,976,1128,Chain26,PHILADELPHIA
8012322,DR,2.192999,976,1263,Chain26,PHILADELPHIA
8012382,DR,1.252,948,1326,Chain33,PHILADELPHIA
8012527,DR,3.151999,932,9998,Chain25,WASHINGTON
8012610,DR,4.391998,584,9998,Chain25,WASHINGTON
8012658,DR,2.802999,829,9998,Chain25,WASHINGTON
8012696,DR,2.969999,829,9998,Chain25,WASHINGTON
8012737,DR,0.258,588,1285,Chain77,WASHINGTON
8012759,DR,2.609999,584,9998,Chain25,WASHINGTON
8013058,DR,1.448,973,9998,Chain25,WASHINGTON
8013132,DR,1.992,584,9998,Chain25,WASHINGTON
8013172,DR,1.768999,583,1181,Chain25,WASHINGTON
8013285,DR,5.943996,584,9998,Chain25,WASHINGTON
8013335,DR,3.164999,584,9998,Chain25,WASHINGTON
8013601,DR,2.058998,829,9998,Chain25,RICHMOND
8013626,DR,2.011999,829,1226,Chain25,RICHMOND
8013744,DR,2.192999,737,1196,Chain88,RICHMOND
8013817,DR,0.119,800,1295,Chain80,RICHMOND
8013820,DR,0.665,1131,9998,Chain33,RICHMOND
8014600,DR,0.224,1030,9998,Chain93,ROANOKE
8014712,DR,2.192999,737,1157,Chain88,RALEIGH
8014717,DR,2.011999,583,1382,Chain25,RALEIGH
8014925,DR,2.192999,1162,1185,Chain88,RALEIGH
8015010,DR,0.71,1045,9998,Chain25,RALEIGH
8015052,DR,0.784,1015,9998,Chain93,RALEIGH
8015100,DR,2.113998,583,9998,Chain25,RALEIGH
8015452,DR,1.450999,1104,9998,Chain25,CHARLOTTE
8015517,DR,2.011999,583,1169,Chain25,CHARLOTTE
8015893,DR,2.011999,583,1169,Chain25,CHARLOTTE
8016165,DR,1.044,778,9998,Chain33,SOUTH CAROLINA
8016247,DR,1.02,1118,9998,Chain33,SOUTH CAROLINA
8016359,DR,0.792,1027,9998,Chain33,SOUTH CAROLINA
8016571,DR,2.640999,982,9998,Chain25,SOUTH CAROLINA
8016671,DR,1.48,1118,9998,Chain25,SOUTH CAROLINA
8016830,DR,0.667,894,9998,Chain33,ATLANTA
8016909,DR,0.9,1034,9998,Chain33,ATLANTA
8017062,DR,2.192999,976,1128,Chain26,ATLANTA
8017169,DR,0.277,601,9998,Chain38,ATLANTA
8017284,DR,2.192999,976,1128,Chain26,ATLANTA
8017323,DR,1.358,583,9998,Chain25,ATLANTA
8017363,DR,0.258,892,1437,Chain77,ATLANTA
8017388,DR,1.971999,583,9998,Chain25,ATLANTA
8017950,DR,2.192999,785,1157,Chain88,SOUTH CAROLINA
8020484,DR,0.119,638,1230,Chain80,BIRMINGHAM
8020542,DR,2.636999,1104,9998,Chain25,BIRMINGHAM
8021117,DR,0.968,1101,9998,Chain99,NEW ORLEANS
8021886,DR,0.684,583,9998,Chain25,KNOXVILLE
8022429,DR,0.122,1015,9998,Chain93,MISSISSIPPI
8022526,DR,0.152,1078,9998,Chain93,MISSISSIPPI
8022541,DR,0.681,1027,9998,Chain25,MISSISSIPPI
8022665,DR,0.993,908,9998,Chain25,MISSISSIPPI
8022794,DR,1.54,592,9998,Chain25,NEW ORLEANS
8023979,DR,0.119,1042,9998,Chain80,TOLEDO
8024211,DR,1.506,696,9998,Chain25,CLEVELAND
8024381,DR,2.771,583,9998,Chain25,CLEVELAND
8024390,DR,2.456999,583,9998,Chain25,CLEVELAND
8025155,DR,2.243999,592,9998,Chain25,SOUTH CAROLINA
8025331,DR,0.119,877,9998,Chain80,TOLEDO
8025481,DR,5.514,840,1152,Chain83,INDIANAPOLIS
8025499,DR,0.277,1093,1298,Chain38,INDIANAPOLIS
8025554,DR,1.53,1045,9998,Chain25,INDIANAPOLIS
8025609,DR,3.657999,1104,9998,Chain25,INDIANAPOLIS
8025638,DR,2.720999,584,9998,Chain136,CHICAGO
8025664,DR,2.997999,871,1265,Chain136,CHICAGO
8026139,DR,5.514,574,1354,Chain83,INDIANAPOLIS
8026171,DR,1.164,1048,9998,Chain99,NEW ENGLAND
8026464,DR,2.143999,1018,9998,Chain25,DETROIT
8026646,DR,2.664,1018,9998,Chain25,DETROIT
8026671,DR,3.462999,833,9998,Chain99,DETROIT
8026760,DR,0.258,734,1181,Chain77,DETROIT
8026774,DR,2.192999,976,1263,Chain26,DETROIT
8026798,DR,1.066,833,1185,Chain99,DETROIT
8026840,DR,2.171999,1018,9998,Chain25,DETROIT
8026909,DR,2.464998,1018,9998,Chain25,DETROIT
8027142,DR,4.973,1018,1288,Chain25,DETROIT
8028097,DR,2.997999,607,1144,Chain136,DES MOINES
8028648,DR,0.258,1131,1305,Chain77,MILWAUKEE
8028841,DR,1.884999,820,9998,Chain136,MILWAUKEE
8029007,DR,0.119,737,1220,Chain80,MILWAUKEE
8029341,DR,2.192999,584,1127,NONE,EAU CLAIRE
8029776,DR,2.552999,607,9998,Chain136,MINNEAPOLIS
8029820,DR,2.192999,976,1263,Chain26,MINNEAPOLIS
8030849,DR,0.258,638,9998,Chain77,CHICAGO
8030868,DR,5.514,538,9998,Chain83,CHICAGO
8030894,DR,5.514,574,1306,Chain83,CHICAGO
8030900,DR,5.514,538,9998,Chain83,CHICAGO
8031041,DR,2.997999,584,1159,Chain136,CHICAGO
8031053,DR,5.514,538,9998,Chain83,CHICAGO
8031101,DR,0.119,789,1220,Chain80,CHICAGO
8031134,DR,0.119,789,1220,Chain80,CHICAGO
8031234,DR,5.514,886,9998,Chain83,CHICAGO
8031283,DR,5.514,538,1198,Chain83,CHICAGO
8031319,DR,2.997999,584,1186,Chain136,CHICAGO
8031332,DR,5.514,538,9998,Chain83,CHICAGO
8031392,DR,5.514,886,9998,Chain83,CHICAGO
8031415,DR,5.514,538,9998,Chain83,CHICAGO
8031446,DR,5.514,538,9998,Chain83,CHICAGO
8031509,DR,5.514,538,1169,Chain83,CHICAGO
8031629,DR,6.579998,574,9998,Chain25,CHICAGO
8031782,DR,9.056,1159,1193,Chain25,CHICAGO
8031802,DR,2.997999,584,1144,Chain136,CHICAGO
8031938,DR,0.233,825,9998,Chain93,CHICAGO
8032048,DR,5.514,713,9998,Chain83,CHICAGO
8032082,DR,4.143997,756,9998,Chain136,CHICAGO
8032083,DR,2.318998,863,9998,Chain136,HARTFORD
8032153,DR,5.372997,886,1295,Chain25,PEORIA
8032197,DR,3.219999,776,1216,Chain136,HARTFORD
8032353,DR,1.308999,1045,1197,Chain25,PEORIA
8032367,DR,0.886,908,9998,Chain25,PEORIA
8032424,DR,5.514,592,1330,Chain83,PEORIA
8032469,DR,0.349,1117,9998,Chain77,PEORIA
8032710,DR,2.997999,584,1168,Chain136,PEORIA
8032790,DR,5.514,708,1412,Chain83,PEORIA
8032801,DR,5.514,708,1193,Chain83,PEORIA
8032806,DR,4.829998,584,9998,Chain136,PEORIA
8032981,DR,0.119,737,9998,Chain80,ST. LOUIS
8033010,DR,2.997999,610,1216,Chain136,ST. LOUIS
8033238,DR,2.997999,607,1175,Chain136,ST. LOUIS
8033406,DR,2.011999,690,1419,Chain25,KANSAS CITY
8033434,DR,1.629,958,9998,Chain25,KANSAS CITY
8034424,DR,0.258,1131,1354,Chain77,OMAHA
8034443,DR,2.997999,863,1229,Chain136,OMAHA
8034723,DR,2.997999,607,1358,Chain136,NEW ORLEANS
8034935,DR,1.434999,1027,9998,Chain33,NEW YORK
8035401,DR,0.986,584,9998,Chain21,NEW YORK
8036694,DR,0.119,737,1173,Chain80,TULSA
8037128,DR,2.011999,1077,1364,Chain25,DALLAS
8037199,DR,0.119,647,1242,Chain80,DALLAS
8037268,DR,2.011999,592,1305,Chain25,DALLAS
8037799,DR,2.205999,592,9998,Chain25,DALLAS
8038146,DR,2.698,961,9998,Chain25,HOUSTON
8038184,DR,2.011999,908,1367,Chain25,HOUSTON
8038288,DR,2.011999,778,1306,Chain25,HOUSTON
8038321,DR,2.997999,584,1128,Chain136,HOUSTON
8038463,DR,2.032999,1129,9998,Chain136,HOUSTON
8038634,DR,2.997999,584,1121,Chain136,HOUSTON
8038677,DR,0.119,843,1153,Chain80,HOUSTON
8039507,DR,0.986,584,9998,Chain21,NEW YORK
8039761,DR,2.997999,584,1182,Chain136,WEST TEX
8040661,DR,2.997999,863,1160,Chain136,PHOENIX
8040728,DR,2.997999,584,1340,Chain136,PHOENIX
8040759,DR,5.514,638,1189,Chain83,PHOENIX
8040771,DR,2.080999,632,9998,Chain25,PHOENIX
8040999,DR,5.514,864,1206,Chain83,PHOENIX
8041035,DR,4.639999,584,9998,Chain136,PHOENIX
8041205,DR,2.997999,969,1221,Chain136,WEST TEX
8041555,DR,0.233,1086,1300,Chain93,LOS ANGELES
8041587,DR,6.014,584,1193,Chain86,LOS ANGELES
8041604,DR,7.717999,574,9998,Chain25,LOS ANGELES
8041642,DR,3.83,574,9998,Chain25,LOS ANGELES
8041655,DR,5.052998,574,9998,Chain25,LOS ANGELES
8041781,DR,6.182999,584,1385,Chain86,LOS ANGELES
8041786,DR,4.700996,584,1393,Chain86,LOS ANGELES
8041841,DR,7.696999,574,9998,Chain25,LOS ANGELES
8041870,DR,3.345999,584,1290,Chain86,LOS ANGELES
8041878,DR,4.911999,574,9998,Chain25,LOS ANGELES
8041889,DR,6.396999,574,9998,Chain25,LOS ANGELES
8041914,DR,9.955994,574,9998,Chain25,LOS ANGELES
8041917,DR,0.119,759,9998,Chain80,LOS ANGELES
8041920,DR,3.345999,584,1207,Chain86,LOS ANGELES
8041943,DR,3.327,584,9998,Chain86,LOS ANGELES
8041992,DR,3.219999,638,9998,Chain72,LOS ANGELES
8042008,DR,5.514,574,1381,Chain83,LOS ANGELES
8042057,DR,3.803999,584,9998,Chain86,LOS ANGELES
8042074,DR,7.653999,700,9998,Chain86,LOS ANGELES
8042080,DR,4.164997,584,9998,Chain86,LOS ANGELES
8042176,DR,1.933,584,9998,Chain86,LOS ANGELES
8042487,DR,4.065998,574,9998,Chain25,LOS ANGELES
8042526,DR,2.192999,976,1128,Chain26,LOS ANGELES
8042539,DR,4.723,574,9998,Chain25,LOS ANGELES
8042548,DR,4.878998,638,9998,Chain72,LOS ANGELES
8042557,DR,4.293999,574,9998,Chain25,LOS ANGELES
8042566,DR,3.598999,574,9998,Chain25,LOS ANGELES
8042577,DR,3.671999,584,1340,Chain86,LOS ANGELES
8042693,DR,5.514,574,1371,Chain83,LOS ANGELES
8042719,DR,9.292999,779,9998,Chain86,SAN DIEGO
8042722,DR,5.008999,779,9998,Chain72,SAN DIEGO
8042733,DR,4.072998,638,9998,Chain72,SAN DIEGO
8042747,DR,4.526997,638,9998,Chain72,SAN DIEGO
8042825,DR,3.754999,779,9998,Chain72,SAN DIEGO
8042848,DR,2.806,584,9998,Chain86,SAN DIEGO
8042851,DR,5.067997,574,9998,Chain25,SAN DIEGO
8042891,DR,16.76399,574,1361,Chain25,SAN DIEGO
8042914,DR,3.728998,574,9998,Chain25,SAN DIEGO
8042931,DR,3.258999,779,1311,Chain72,SAN DIEGO
8042970,DR,5.301998,779,1437,Chain25,SAN DIEGO
8042979,DR,5.214996,632,1193,Chain86,SAN DIEGO
8042990,DR,3.323,779,9998,Chain25,LOS ANGELES
8043070,DR,2.278999,767,9998,Chain86,LOS ANGELES
8043145,DR,3.957998,779,9998,Chain72,LOS ANGELES
8043204,DR,2.146,584,1364,Chain86,LOS ANGELES
8043221,DR,3.345999,584,1367,Chain86,LOS ANGELES
8043311,DR,18.37099,574,1324,Chain25,LOS ANGELES
8043326,DR,6.100998,584,1303,Chain86,LOS ANGELES
8043395,DR,0.258,592,1285,Chain77,LOS ANGELES
8043443,DR,2.192999,976,1128,Chain26,LOS ANGELES
8043804,DR,6.420998,574,1361,Chain25,LOS ANGELES
8044017,DR,13.34299,584,9998,Chain136,SAN FRANCISCO
8044041,DR,6.367996,640,9998,Chain72,SAN FRANCISCO
8044088,DR,4.852997,771,9998,Chain72,SAN FRANCISCO
8044127,DR,5.460999,584,1216,Chain136,SAN FRANCISCO
8044148,DR,8.931,584,9998,Chain136,SAN FRANCISCO
8044342,DR,6.300999,580,9998,Chain86,SAN FRANCISCO
8044416,DR,3.483,976,9998,Chain72,SAN FRANCISCO
8044424,DR,10.848,638,9998,Chain72,SAN FRANCISCO
8044436,DR,3.345999,1051,1130,Chain86,SAN FRANCISCO
8044494,DR,0.259,1117,9998,Chain77,SAN FRANCISCO
8044513,DR,14.557,638,9998,Chain72,SAN FRANCISCO
8044648,DR,5.983997,628,9998,Chain86,SAN FRANCISCO
8044696,DR,6.469997,584,9998,Chain136,SAN FRANCISCO
8044737,DR,5.723999,638,9998,Chain72,SACRAMENTO
8045001,DR,3.417999,580,9998,Chain86,SACRAMENTO
8045024,DR,4.921997,580,9998,Chain86,SACRAMENTO
8045104,DR,4.414997,773,1303,Chain86,SACRAMENTO
8045147,DR,0.119,592,1158,Chain80,SACRAMENTO
8045548,DR,4.482998,580,1211,Chain86,PORTLAND
8045593,DR,2.661999,759,9998,Chain86,PORTLAND
8045860,DR,3.345999,580,1427,Chain86,SEATTLE
8046081,DR,3.345999,609,1124,Chain86,SEATTLE
8046249,DR,2.563999,1086,9998,Chain72,SEATTLE
8046529,DR,3.345999,609,1123,Chain86,SPOKANE
8046664,DR,1.5,764,9998,Chain25,HARTFORD
8046669,DR,2.011999,572,1428,Chain25,PITTSFIELD
8046737,DR,2.011999,829,1428,Chain25,NEW ENGLAND
8046758,DR,1.801999,829,9998,Chain25,HARTFORD
8046796,DR,2.011999,764,1219,Chain25,NEW YORK
8046856,DR,2.011999,764,1374,Chain25,BUFFALO
8046892,DR,1.273,829,9998,Chain25,WASHINGTON
8047003,DR,5.514,638,1206,Chain83,OMAHA
8047005,DR,0.119,592,1220,Chain80,BIRMINGHAM
8047057,DR,4.421997,625,9998,Chain25,WASHINGTON
8047109,DR,2.192999,737,1157,Chain88,KANSAS CITY
8047210,DR,2.997999,894,1207,Chain136,ST. LOUIS
8047215,DR,2.997999,863,1205,Chain136,NEW ENGLAND
8047220,DR,2.997999,969,1384,Chain136,NEW YORK
8047261,DR,5.514,886,9998,Chain83,CHICAGO
8047340,DR,3.394999,829,9998,Chain25,BOSTON
8047403,DR,2.212,675,9998,Chain33,NEW YORK
8047454,DR,2.192999,1162,1162,Chain88,RALEIGH
8047472,DR,2.103998,908,9998,Chain25,DALLAS
8047502,DR,2.316,840,9998,Chain25,PHOENIX
8047692,DR,1.066,991,1132,Chain99,DETROIT
8047741,DR,3.603998,863,9998,Chain136,GRAND RAPIDS
8047798,DR,2.946999,863,9998,Chain136,MILWAUKEE
8047861,DR,3.278,1003,9998,Chain136,NEW YORK
